NAME,SMILES,STATUS,STATUS_REASON,CLASS,TOXICITY,IUPAC,QED,SA,MW,LOGP,RASCORE,LIPINSKI,LIPINSKI 0,BRENK,BRENK STRUCTS,PAINS,PAINS STRUCTS,GLAXO,GLAXO STRUCTS
ACETONE,CC(C)=O,bad,bad extreme,solvent,"CNS depression, irritation",propan-2-one,0.4,1.65,58.08,0.6,0.99102,True,True,False,,False,,False,
ACROLEIN,C=CC=O,bad,bad extreme,reactive aldehyde,severe cellular toxicity,prop-2-enal,0.31,3.3,56.06,0.37,0.969429,True,True,True,"aldehyde, Michael_acceptor_1",False,,False,
ACRYLAMIDE,C=CC(N)=O,bad,bad extreme,industrial chemical,"neurotoxicity, carcinogenicity",prop-2-enamide,0.42,2.57,71.08,-0.34,0.983494,True,True,True,Michael_acceptor_1,False,,False,
AFLATOXIN,COc1cc2c(c3oc(=O)c4c(c13)CCC4=O)[C@@H]1C=CO[C@@H]1O2,bad,nature toxin,mycotoxin,carcinogenicity,"(3S,7R)-11-methoxy-6,8,19-trioxapentacyclo[10.7.0.02,9.03,7.013,17]nonadeca-1,4,9,11,13(17)-pentaene-16,18-dione",0.75,4.01,312.28,2.28,0.07672,True,True,True,cumarine,False,,False,
BENZENE,c1ccccc1,bad,bad extreme,aromatic solvent,carcinogenicity,benzene,0.44,1.0,78.11,1.69,0.978815,True,True,False,,False,,False,
BROMO ACETONE,CC(=O)CBr,bad,bad extreme,lachrymator,eye and respiratory irritation,1-bromopropan-2-one,0.49,2.53,136.98,0.97,0.993789,True,True,True,alkyl_halide,False,,True,"[Br,Cl,I][CX4"
CARBON TETRACHLORIDE,ClC(Cl)(Cl)Cl,bad,bad extreme,solvent,hepatotoxicity,tetrachloromethane,0.47,2.86,153.82,2.55,0.910971,True,True,True,alkyl_halide,False,,False,
CHLOROFORM,ClC(Cl)Cl,bad,bad extreme,solvent/anesthetic,"hepatotoxicity, CNS depression",chloroform,0.43,3.18,119.38,1.99,0.964939,True,True,True,alkyl_halide,False,,True,"[Br,Cl,I][CX4"
CONIINE,CCC[C@H]1CCCCN1,bad,nature toxin,alkaloid,"neurotoxicity, paralysis",(2S)-2-propylpiperidine,0.6,2.69,127.23,1.93,0.982414,True,True,False,,False,,False,
EPICHLOROHYDRIN,ClCC1CO1,bad,bad extreme,epoxide,carcinogenicity,2-(chloromethyl)oxirane,0.34,3.45,92.53,0.62,0.987731,True,True,True,"alkyl_halide, Three-membered_heterocycle",False,,True,"[Br,Cl,I][CX4"
ETHYLENE GLYCOL,OCCO,bad,bad extreme,solvent,nephrotoxicity,"ethane-1,2-diol",0.41,2.28,62.07,-1.03,0.992123,True,True,False,,False,,False,
FORMALDEHYDE,C=O,bad,bad extreme,aldehyde,"carcinogenicity, irritation",formaldehyde,0.36,4.04,30.03,-0.18,0.986788,True,True,False,,False,,False,
ISOPROPYL METHYLPHOSPHONOFLUORIDATE,CC(C)OP(C)(=O)F,bad,bad extreme,poison gas,"neurotoxicity, paralysis",2-[fluoro(methyl)phosphoryl]oxypropane,0.55,3.9,140.09,2.2,0.988958,True,True,True,phosphor,False,,True,"[P,S][Cl,Br,F,I]"
METHYL ALCOHOL,CO,bad,bad extreme,alcohol,"blindness, toxicity CNS",methanol,0.39,2.7,32.04,-0.39,0.979037,True,True,False,,False,,False,
METHYLENE CHLORIDE,ClCCl,bad,bad extreme,dichloromethane,"respiratory irritation, nervous-system injury",dichloromethane,0.39,2.83,84.93,1.42,0.983324,True,True,True,alkyl_halide,False,,True,"[Br,Cl,I][CX4"
MUSTARD GAS,ClCCSCCCl,bad,bad extreme,poison gas,skin and mucosal burns,1-chloro-2-(2-chloroethylsulfanyl)ethane,0.45,3.2,159.08,2.2,0.985565,True,True,True,"Aliphatic_long_chain, alkyl_halide",False,,True,"[Br,Cl,I][CX4"
NICOTINE,CN1CCC[C@H]1c1cccnc1,bad,side effects,alkaloid,toxic at high exposure levels,3-[(2S)-1-methylpyrrolidin-2-yl]pyridine,0.63,2.5,162.24,1.85,0.979693,True,True,False,,False,,False,
O-XYLENE,Cc1ccccc1C,bad,bad extreme,reagent,hepatotoxicity,"1,2-xylene",0.48,1.03,106.17,2.3,0.992752,True,True,False,,False,,False,
ROTENONE,C=C(C)[C@H]1Cc2c(ccc3c2O[C@@H]2COc4cc(OC)c(OC)cc4[C@@H]2C3=O)O1,bad,nature toxin,natural compound,"eye irritation, dermatitis, oral mucosal numbness","(1S,6R,13S)-16,17-dimethoxy-6-prop-1-en-2-yl-2,7,20-trioxapentacyclo[11.8.0.03,11.04,8.014,19]henicosa-3(11),4(8),9,14,16,18-hexaen-12-one",0.74,3.87,394.42,3.7,0.032218,True,True,True,isolated_alkene,False,,False,
STRYCHNINE,O=C1C[C@@H]2OCC=C3CN4CC[C@]56c7ccccc7N1[C@H]5[C@H]2[C@H]3C[C@H]46,bad,nature toxin,alkaloid,dysfunction of CNS and respiratory system,"(4aR,5aS,8aR,13aS,15aS,15bR)-4a,5,5a,7,8,13a,15,15a,15b,16-decahydro-2H-4,6-methanoindolo[3,2,1-ij]oxepino[2,3,4-de]pyrrolo[2,3-h]quinolin-14-one",0.68,5.72,334.42,2.09,0.007539,True,True,True,isolated_alkene,False,,False,
THALIDOMIDE,O=C1CCC(N2C(=O)c3ccccc3C2=O)C(=O)N1,bad,bad medchem,withdrawn drug,teratogenicity,"2-(2,6-dioxopiperidin-3-yl)isoindole-1,3-dione",0.72,2.6,258.23,0.09,0.981298,True,True,True,phthalimide,False,,True,O=C1CCCC(N1)=O
TOLUENE,Cc1ccccc1,bad,bad extreme,solvent,ototoxicity,toluene,0.46,1.0,92.14,2.0,0.987154,True,True,False,,False,,False,
VX,CCOP(C)(=O)SCCN(C(C)C)C(C)C,bad,bad extreme,poison gas,neurotoxicity,N-[2-[ethoxy(methyl)phosphoryl]sulfanylethyl]-N-propan-2-ylpropan-2-amine,0.63,3.55,267.38,3.7,0.961134,True,True,True,phosphor,False,,False,
BENZO[DEF]CHRYSENE,c1ccc2c(c1)cc1ccc3cccc4ccc2c1c34,bad,bad extreme,reagent,carcinogenicity,benzo[a]pyrene,0.24,1.85,252.32,5.74,0.943632,True,False,True,"Polycyclic_aromatic_hydrocarbon_2, Polycyclic_aromatic_hydrocarbon_3",False,,False,
BPDE,O[C@@H]3c1cc4ccc5cccc6ccc(c1[C@H]2O[C@H]2[C@H]3O)c4c56,bad,bad extreme,product of incomplete combustion of organic matter,carcinogenicity,"(3R,5S,6S,7R)-4-oxahexacyclo[11.6.2.02,8.03,5.010,20.017,21]henicosa-1(20),2(8),9,11,13(21),14,16,18-octaene-6,7-diol",0.39,3.72,302.33,3.43,0.193856,True,True,True,"Polycyclic_aromatic_hydrocarbon_3, Three-membered_heterocycle",False,,True,"C1[O,S,N]C1"
2-ACETYLAMINOFLUORENE,CC(=O)Nc1ccc2c(c1)Cc1ccccc1-2,bad,bad extreme,reagent,carcinogenicity and mutagenicity,N-(9H-fluoren-2-yl)acetamide,0.67,1.77,223.27,3.22,0.993295,True,True,False,,False,,False,
N-NITROSODIMETHYLAMINE,CN(C)N=O,bad,bad extreme,manufacturing by-product,"carcinogenicity, hepatotoxicity","N,N-dimethylnitrous amide",0.33,2.9,74.08,0.23,0.972538,True,True,True,"N-nitroso, Oxygen-nitrogen_single_bond",False,,True,[N&D2](=O)
TETRODOTOXIN,NC1=N[C@H](O)[C@H]2[C@H]3O[C@]4(O)O[C@@H]([C@@H](O)[C@@]2(N1)[C@@H]4O)[C@]3(O)CO,bad,nature toxin,natural toxin,neurotoxicity,"(1R,5R,6R,7R,9S,11S,12S,13S,14S)-3-amino-14-(hydroxymethyl)-8,10-dioxa-2,4-diazatetracyclo[7.3.1.17,11.01,6]tetradec-3-ene-5,9,12,13,14-pentol",0.23,6.99,319.27,-5.52,0.0099,False,False,False,,False,,False,
SAXITOXIN,N=C1N[C@H]2[C@H](COC(N)=O)NC(=N)N3CCC(O)(O)[C@]23N1,bad,nature toxin,natural toxin,neurotoxicity,"[(3aS,4R,10aS)-2,6-diamino-10,10-dihydroxy-3a,4,8,9-tetrahydro-1H-pyrrolo[1,2-c]purin-4-yl]methyl carbamate",0.24,5.78,299.29,-3.43,0.170342,True,False,True,"het-C-het_not_in_ring, imine_1",False,,False,
BATRACHOTOXIN,Cc1c[nH]c(C)c1C(=O)O[C@@H](C)C1=CC[C@@]23OCCN(C)C[C@@]12C[C@@H](O)[C@]12O[C@]4(O)CC[C@@]1(C)[C@H](CC=C23)C4,bad,nature toxin,natural toxin,neuro and cardiotoxicity,"[(1S)-1-[(1R,5R,6S,9R,11S,12R,14R)-9,12-dihydroxy-6,16-dimethyl-10,19-dioxa-16-azahexacyclo[12.5.3.15,9.01,14.02,11.06,11]tricosa-2,21-dien-22-yl]ethyl] 2,4-dimethyl-1H-pyrrole-3-carboxylate",0.4,7.06,538.69,3.55,0.014423,True,False,True,isolated_alkene,False,,False,
DOMOIC ACID,C/C(=C/C=C/[C@@H](C)C(=O)O)[C@H]1CN[C@H](C(=O)O)[C@H]1CC(=O)O,bad,nature toxin,natural toxin,nephrotoxicity,"(2S,3S,4S)-4-[(2Z,4E,6R)-6-carboxyhepta-2,4-dien-2-yl]-3-(carboxymethyl)pyrrolidine-2-carboxylic acid",0.52,4.4,311.33,0.97,0.025774,True,True,True,polyene,False,,False,
BMAA,CNC[C@H](N)C(=O)O,bad,nature toxin,natural toxin,neurotoxicity,(2S)-2-amino-3-(methylamino)propanoic acid,0.43,2.83,118.14,-1.38,0.987971,True,True,False,,False,,False,
MPTP,CN1CCC(=CC1)C2=CC=CC=C2,bad,bad medchem,synthetic neurotoxin,parkinsonism,"1-methyl-4-phenyl-3,6-dihydro-2H-pyridine",0.63,1.95,173.26,2.41,0.985229,True,True,False,,False,,False,
OXIDOPAMINE,NCCc1cc(O)c(O)cc1O,bad,bad medchem,"synthetic neurotoxin, DOPA metabolite",parkinsonism,"5-(2-aminoethyl)benzene-1,2,4-triol",0.38,2.35,169.18,0.3,0.990459,True,True,True,"catechol, hydroquinone",True,catechol_A(92),True,c([OH])c([OH])cc([OH])
CISAPRIDE,COc1cc(N)c(Cl)cc1C(=O)NC1CCN(CCCOc2ccc(F)cc2)CC1OC,bad,bad medchem,withdrawn drug,disturbance of heart rhythm,4-amino-5-chloro-N-[1-[3-(4-fluorophenoxy)propyl]-3-methoxypiperidin-4-yl]-2-methoxybenzamide,0.44,3.11,465.95,3.36,0.953597,True,True,True,"Aliphatic_long_chain, aniline",False,,False,
GREPAFLOXACIN,Cc1c(F)c(N2CCNC(C)C2)cc2c1c(=O)c(C(=O)O)cn2C1CC1,bad,bad medchem,antibiotic,cardiotoxicity,1-cyclopropyl-6-fluoro-5-methyl-7-(3-methylpiperazin-1-yl)-4-oxoquinoline-3-carboxylic acid,0.88,3.25,359.4,2.28,0.990248,True,True,False,,False,,False,
METHANESULFONYL CHLORIDE,CS(Cl)(=O)=O,bad,bad extreme,lachrymator,mucosal and respiratory irritation,methanesulfonyl chloride,0.42,2.22,114.55,0.18,0.982187,True,True,False,,False,,True,"[S,C](=[O,S])[F,Br,Cl,I], [P,S][Cl,Br,F,I]"
MUSCARINE,C[C@@H]1O[C@H](C[N+](C)(C)C)C[C@H]1O,bad,nature toxin,alkaloid,poisoning symptoms,"[(2S,4R,5S)-4-hydroxy-5-methyloxolan-2-yl]methyl-trimethylazanium",0.61,4.22,174.26,0.23,0.767436,True,True,True,quaternary_nitrogen_2,False,,False,
IBOTENIC ACID,NC(C(=O)O)c1cc(O)no1,bad,nature toxin,natural toxin,neurotoxicity and psychoactivity,"2-amino-2-(3-oxo-1,2-oxazol-5-yl)acetic acid",0.53,3.67,158.11,-0.54,0.954565,True,True,False,,False,,False,
ALPHA-AMANITIN,CC[C@H](C)[C@@H]1NC(=O)CNC(=O)[C@@H]2Cc3c([nH]c4cc(O)ccc34)[S+]([O-])C[C@@H](NC(=O)CNC1=O)C(=O)N[C@@H](CC(N)=O)C(=O)N1C[C@H](O)C[C@H]1C(=O)N[C@@H]([C@@H](C)[C@@H](O)CO)C(=O)N2,bad,nature toxin,natural toxin,hepato and nephrotoxicity,"2-[(1S,4S,8R,10S,13S,16S,34S)-34-[(2S)-butan-2-yl]-13-[(2R,3R)-3,4-dihydroxybutan-2-yl]-8,22-dihydroxy-2,5,11,14,27,30,33,36,39-nonaoxo-27lambda4-thia-3,6,12,15,25,29,32,35,38-nonazapentacyclo[14.12.11.06,10.018,26.019,24]nonatriaconta-18(26),19(24),20,22-tetraen-4-yl]acetamide",0.12,7.25,918.98,-5.92,0.011854,False,False,True,charged_oxygen_or_sulfur_atoms,False,,True,"[C+,Cl+,I+,P+,S+]"
CICUTOXIN,CCC[C@@H](O)/C=C/C=C/C=C/C#CC#CCCCO,bad,nature toxin,natural toxin,"poisoning symptoms, seizures","(8E,10E,12E,14R)-heptadeca-8,10,12-trien-4,6-diyne-1,14-diol",0.42,4.03,258.36,2.6,0.076915,True,True,True,"Aliphatic_long_chain, polyene, triple_bond",False,,False,
MONOMETHYL AURISTATIN E,CO[C@H]([C@H](C(N[C@@H]([C@H](C1=CC=CC=C1)O)C)=O)C)[C@@]2([H])N(C(C[C@H]([C@H]([C@H](CC)C)N(C)C([C@H](C(C)C)NC([C@@H](NC)C(C)C)=O)=O)OC)=O)CCC2,bad,bad medchem,antitumor drug,peripheral neuropathy,"(2S)-N-[(2S)-1-[[(3R,4S,5S)-1-[(2S)-2-[(1R,2R)-3-[[(1S,2R)-1-hydroxy-1-phenylpropan-2-yl]amino]-1-methoxy-2-methyl-3-oxopropyl]pyrrolidin-1-yl]-3-methoxy-5-methyl-1-oxoheptan-4-yl]-methylamino]-3-methyl-1-oxobutan-2-yl]-3-methyl-2-(methylamino)butanamide",0.16,4.98,717.99,3.53,0.009358,True,False,False,,False,,False,
ADAMSITE,Cl[As]2c1ccccc1Nc3c2cccc3,bad,bad extreme,poison gas,mucosal and respiratory irritation,10-chloro-5H-phenarsazinine,0.73,3.4,277.59,2.09,0.785066,True,True,True,heavy_metal,False,,False,
PHENACYL CHLORIDE,O=C(CCl)c1ccccc1,bad,bad extreme,lachrymator,mucosal and respiratory irritation,2-chloro-1-phenylethanone,0.47,1.56,154.6,2.11,0.993774,True,True,True,alkyl_halide,False,,True,"[Br,Cl,I][CX4"
DIPHENYLCYANOARSINE,C1=CC=C(C=C1)[As](C#N)C2=CC=CC=C2,bad,bad extreme,poison gas,mucosal and respiratory irritation,diphenylarsanylformonitrile,0.74,3.0,255.15,1.36,0.981395,True,True,True,heavy_metal,False,,False,
A-230,CCN(CC)C(C)=N[P](C)(F)=O,bad,bad extreme,"nerve agent, Novichok",neurotoxicity,"N,N-diethyl-N'-[fluoro(methyl)phosphoryl]ethanimidamide",0.39,3.98,194.19,2.54,0.899198,True,True,True,"imine_1, imine_2, phosphor",False,,True,"[P,S][Cl,Br,F,I]"
CHLOROPICRIN,O=[N+]([O-])C(Cl)(Cl)Cl,bad,bad extreme,poison gas,mucosal and respiratory irritation,trichloro(nitro)methane,0.24,3.4,164.38,1.59,0.540268,True,True,True,"alkyl_halide, N-C-halo, nitro_group, Oxygen-nitrogen_single_bond",False,,False,
"4,4'-METHYLENEDIANILINE",Nc1ccc(Cc2ccc(N)cc2)cc1,bad,bad extreme,industrial chemical,carcinogenicity,4-[(4-aminophenyl)methyl]aniline,0.73,1.59,198.27,2.44,0.980214,True,True,True,aniline,True,"anil_no_alk(40), anil_di_alk_F(14)",False,
ANILINE,Nc1ccccc1,bad,bad extreme,reagent,carcinogenicity,aniline,0.48,1.26,93.13,1.27,0.98968,True,True,True,aniline,False,,False,
DIMETHYLFORMAMIDE,CN(C)C=O,bad,bad extreme,solvent,hepatotoxicity,"N,N-dimethylformamide",0.39,2.66,73.09,-0.3,0.981873,True,True,True,aldehyde,False,,False,
ACETONITRILE,CC#N,bad,bad extreme,solvent,cyanide-like toxicity,acetonitrile,0.39,3.36,41.05,0.53,0.974117,True,True,False,,False,,False,
PROPIONITRILE,CCC#N,bad,bad extreme,solvent,cyanide-like toxicity,propanenitrile,0.4,2.7,55.08,0.92,0.992225,True,True,False,,False,,False,
PHENOL,c1ccc(O)cc1,bad,bad extreme,corrosive poison,protein damage,phenol,0.51,1.18,94.11,1.39,0.987148,True,True,False,,False,,False,
CRESOL,Cc1ccc(O)cc1,bad,bad extreme,industrial compound,hepato and neurotoxicity,4-methylphenol,0.54,1.26,108.14,1.7,0.991643,True,True,False,,False,,False,
RESORCINOL,Oc1ccc(O)cc1,bad,bad extreme,phenol-derived antiseptic,systemic toxicity,"benzene-1,4-diol",0.49,1.53,110.11,1.1,0.970244,True,True,True,hydroquinone,False,,False,
HYDROQUINONE,Oc1ccc(O)cc1,bad,bad extreme,pro-oxidant,cellular damage,"benzene-1,4-diol",0.49,1.53,110.11,1.1,0.970244,True,True,True,hydroquinone,False,,False,
BENZOQUINONE,O=C1C=CC(=O)C=C1,bad,bad extreme,reactive electrophile,mucosal and respiratory irritation,"cyclohexa-2,5-diene-1,4-dione",0.42,2.35,108.1,0.25,0.941169,True,True,True,chinone_1,True,quinone_A(370),True,O=C1[#6]~[#6]C(=O)[#6]~[#6]1
STYRENE,C=CCc1ccccc1,bad,bad extreme,industrial compound,"neurotoxicity, possible carcinogenicity",prop-2-enylbenzene,0.52,1.57,118.18,2.42,0.98646,True,True,True,isolated_alkene,False,,False,
VINYL CHLORIDE,C=CCl,bad,bad extreme,gas,strong carcinogen (liver),chloroethene,0.4,3.71,62.5,1.37,0.969267,True,True,False,,False,,False,
ALLYL ALCOHOL,C=CCO,bad,bad extreme,alcohol,hepatotoxicity,prop-2-en-1-ol,0.43,2.84,58.08,0.16,0.978583,True,True,True,isolated_alkene,False,,False,
ACETALDEHYDE,CC=O,bad,bad extreme,toxic alcohol metabolite,"cardiotoxicity, carcinogenicity",acetaldehyde,0.36,3.04,44.05,0.21,0.971655,True,True,True,aldehyde,False,,False,
PROPANAL,CCC=O,bad,bad extreme,reactive aldehyde,"irritation, toxicity",propanal,0.4,2.63,58.08,0.6,0.983783,True,True,True,aldehyde,False,,False,
BUTANAL,CCCC=O,bad,bad extreme,reactive aldehyde,"irritation, CNS depression",butanal,0.44,2.73,72.11,0.99,0.983761,True,True,True,aldehyde,False,,False,
GLYOXAL,O=CC=O,bad,bad extreme,reactive dialdehyde,respiratory irritation,oxaldehyde,0.3,3.18,58.04,-0.62,0.971977,True,True,True,"aldehyde, diketo_group",False,,False,
METHYLGLYOXAL,CC(=O)C=O,bad,bad extreme,reactive aldehyde,protein glycation,2-oxopropanal,0.32,2.57,72.06,-0.23,0.88893,True,True,True,"aldehyde, diketo_group",False,,False,
ETHYLENE OXIDE,C1CO1,bad,bad extreme,alkylating agent,"mutagenicity, carcinogenicity",oxirane,0.35,1.81,44.05,0.02,0.972798,True,True,True,Three-membered_heterocycle,False,,True,"C1[O,S,N]C1"
PROPYLENE OXIDE,CC1CO1,bad,bad extreme,alkylating agent,carcinogenicity,2-methyloxirane,0.37,2.43,58.08,0.41,0.959258,True,True,True,Three-membered_heterocycle,False,,True,"C1[O,S,N]C1"
DIMETHYL SULFATE,COS(=O)(=O)OC,bad,bad extreme,strong alkylating agent,mucosal and respiratory irritation,dimethyl sulfate,0.5,3.0,126.13,-0.48,0.950643,True,True,False,,False,,True,"COS(=O)O[C,c]"
DIETHYL SULFATE,CCOS(=O)(=O)OCC,bad,bad extreme,toxic alkylating agent,mucosal and respiratory irritation,diethyl sulfate,0.58,2.88,154.19,0.3,0.96064,True,True,False,,False,,True,"COS(=O)O[C,c]"
PHOSGENE,O=C(Cl)Cl,bad,bad extreme,poison gas,lung damage,carbonyl dichloride,0.42,2.37,98.92,1.58,0.988998,True,True,True,acid_halide,False,,True,"[S,C](=[O,S])[F,Br,Cl,I]"
DIPHOSGENE,O=C(OC(Cl)Cl)Cl,bad,bad extreme,poison gas,lung damage,dichloromethyl carbonochloridate,0.44,3.61,163.39,2.12,0.989486,True,True,True,"acid_halide, alkyl_halide",False,,True,"[Br,Cl,I][CX4"
NITROBENZENE,O=[N+]([O-])c1ccccc1,bad,bad extreme,industrial compound,methemoglobinemia,nitrobenzene,0.42,1.32,123.11,1.59,0.986102,True,True,True,"nitro_group, Oxygen-nitrogen_single_bond",False,,False,
DINITROBENZENE,O=[N+]([O-])c1ccc([N+](=O)[O-])cc1,bad,bad extreme,industrial compound,hematotoxicity,"1,4-dinitrobenzene",0.49,1.69,168.11,1.5,0.978985,True,True,True,"nitro_group, Oxygen-nitrogen_single_bond",False,,False,
TRINITROTOLUENE,Cc1c([N+](=O)[O-])cc([N+](=O)[O-])cc1[N+](=O)[O-],bad,bad extreme,explosive compound,"toxicity, methemoglobinemia","2-methyl-1,3,5-trinitrobenzene",0.57,2.27,227.13,1.72,0.902154,True,True,True,"nitro_group, Oxygen-nitrogen_single_bond",False,,False,
PARATHION,CCOP(=S)(OCC)Oc1ccc([N+](=O)[O-])cc1,bad,bad extreme,organophosphate insecticide,poisoning symptoms,diethoxy-(4-nitrophenoxy)-sulfanylidene-lambda5-phosphane,0.44,2.5,291.26,3.27,0.99172,True,True,True,"nitro_group, Oxygen-nitrogen_single_bond, phosphor",False,,False,
MALATHION,CCOC(=O)CC(SP(=S)(OC)OC)C(=O)OCC,bad,bad extreme,organophosphate insecticide,"neurotoxicity, paralysis",diethyl 2-dimethoxyphosphinothioylsulfanylbutanedioate,0.47,3.41,330.36,2.12,0.861916,True,True,True,phosphor,False,,False,
CHLORPYRIFOS,CCOP(=S)(OCC)Oc1nc(Cl)c(Cl)cc1Cl,bad,bad extreme,organophosphate pesticide,"poisoning symptoms, seizures","diethoxy-sulfanylidene-[(3,5,6-trichloro-2-pyridinyl)oxy]-lambda5-phosphane",0.55,3.11,350.59,4.72,0.958345,True,True,True,"2-halo_pyridine, phosphor",False,,False,
CARBARYL,CNC(=O)Oc1cccc2ccccc12,bad,bad extreme,insecticide,neurotoxicity,naphthalen-1-yl N-methylcarbamate,0.77,1.74,201.22,2.56,0.994292,True,True,False,,False,,False,
ALDICARB,CNC(=O)O/N=C/C(C)(C)SC,bad,bad extreme,insecticide,poisoning symptoms,[(E)-(2-methyl-2-methylsulfanylpropylidene)amino] N-methylcarbamate,0.42,3.56,190.27,1.47,0.904316,True,True,True,"imine_1, oxime_2, Oxygen-nitrogen_single_bond",False,,False,
CHLOROPHENOTHANE,Clc1ccc(C(c2ccc(Cl)cc2)C(Cl)(Cl)Cl)cc1,bad,bad extreme,insecticide,"bioaccumulation, neurotoxicity","1-chloro-4-[2,2,2-trichloro-1-(4-chlorophenyl)ethyl]benzene",0.54,2.09,354.49,6.5,0.967733,True,False,True,alkyl_halide,False,,False,
LINDANE,Cl[C@H]1[C@H](Cl)[C@@H](Cl)[C@@H](Cl)[C@H](Cl)[C@H]1Cl,bad,bad extreme,pesticide,neurotoxicity,"1,2,3,4,5,6-hexachlorocyclohexane",0.6,3.62,290.83,3.64,0.840966,True,True,True,alkyl_halide,False,,True,"[Br,Cl,I][CX4"
PERCHLOROBENZENE,Clc1c(Cl)c(Cl)c(Cl)c(Cl)c1Cl,bad,bad extreme,pesticide,persistent toxin,"1,2,3,4,5,6-hexachlorobenzene",0.43,1.73,284.78,5.61,0.97666,True,False,True,"halogenated_ring_1, halogenated_ring_2",False,,False,
PENTACHLOROPHENOL,Oc1c(Cl)c(Cl)c(Cl)c(Cl)c1Cl,bad,bad extreme,pesticide,systemic toxicity,"2,3,4,5,6-pentachlorophenol",0.53,2.37,266.34,4.66,0.985115,True,True,True,"halogenated_ring_1, halogenated_ring_2",False,,False,
TETRACHLOROETHYLENE,Cl/C(Cl)=C(/Cl)Cl,bad,bad extreme,solvent,hepatotoxicity,"1,1,2,2-tetrachloroethene",0.52,3.23,165.83,3.07,0.938656,True,True,False,,False,,False,
TRICHLOROETHYLENE,ClC=C(Cl)Cl,bad,bad extreme,solvent,carcinogenicity,"1,1,2-trichloroethene",0.47,3.64,131.39,2.5,0.812026,True,True,False,,False,,False,
DIETHYL ETHER,CCOCC,bad,bad extreme,ether,"narcotic effect, toxicity on inhalation",ethoxyethane,0.48,1.91,74.12,1.04,0.990499,True,True,False,,False,,False,
TETRAHYDROFURAN,C1CCOC1,bad,bad extreme,solvent,toxicity after exposure,oxolane,0.41,2.03,72.11,0.8,0.964368,True,True,False,,False,,False,
FORMAMIDE,NC=O,bad,bad extreme,solvent,reproductive toxicity,formamide,0.35,3.55,45.04,-0.9,0.976935,True,True,True,aldehyde,False,,False,
ACETAMIDE,CC(=O)N,bad,bad extreme,industrial compound,possible carcinogenicity,acetamide,0.4,1.83,59.07,-0.51,0.992945,True,True,False,,False,,False,
URETHANE,CCOC(N)=O,bad,bad extreme,ether,carcinogenicity,ethyl carbamate,0.5,2.17,89.09,0.1,0.993462,True,True,False,,False,,False,
FENFLURAMINE,CCNC(C)Cc1cccc(C(F)(F)F)c1,bad,bad medchem,withdrawn drug,cardiotoxicity,N-ethyl-1-[3-(trifluoromethyl)phenyl]propan-2-amine,0.84,2.36,231.26,3.25,0.995743,True,True,False,,False,,False,
TROGLITAZONE,Cc1c(C)c2c(c(C)c1O)CCC(C)(COc1ccc(CC3SC(=O)NC3=O)cc1)O2,bad,bad medchem,withdrawn drug,hepatotoxicity,"5-[[4-[(6-hydroxy-2,5,7,8-tetramethyl-3,4-dihydrochromen-2-yl)methoxy]phenyl]methyl]-1,3-thiazolidine-2,4-dione",0.72,3.59,441.55,4.37,0.304592,True,True,True,thioester,False,,False,
CERIVASTATIN,COCc1c(C(C)C)nc(C(C)C)c(/C=C/[C@@H](O)C[C@@H](O)CC(=O)O)c1-c1ccc(F)cc1,bad,bad medchem,withdrawn drug,rhabdomyolysis,"(E,3R,5S)-7-[4-(4-fluorophenyl)-5-(methoxymethyl)-2,6-di(propan-2-yl)-3-pyridinyl]-3,5-dihydroxyhept-6-enoic acid",0.44,3.58,459.56,4.88,0.445683,True,True,False,,False,,False,
BENFLUOREX,CC(Cc1cccc(C(F)(F)F)c1)NCCOC(=O)c1ccccc1,bad,bad medchem,withdrawn drug,cardiotoxicity,2-[1-[3-(trifluoromethyl)phenyl]propan-2-ylamino]ethyl benzoate,0.6,2.42,351.37,4.08,0.996774,True,True,True,Aliphatic_long_chain,False,,False,
ACETAMINOPHEN,CC(=O)Nc1ccc(O)cc1,good,good,acetaminophen,No major toxicity noted,N-(4-hydroxyphenyl)acetamide,0.6,1.41,151.16,1.35,0.995031,True,True,True,hydroquinone,False,,False,
ACETYLCYSTEINE,CC(=O)N[C@@H](CS)C(=O)O,good,good,mucolytic drug,No major toxicity noted,(2R)-2-acetamido-3-sulfanylpropanoic acid,0.49,2.55,163.2,-0.49,0.989271,True,True,True,thiol_2,False,,True,[SH]
ADEMETIONINE,C[S+](CC[C@H](N)C(=O)[O-])C[C@H]1O[C@@H](n2cnc3c(N)ncnc32)[C@H](O)[C@@H]1O,good,good,hepatoprotective drug,No major toxicity noted,"(2S)-2-amino-4-[[(2S,3S,4R,5R)-5-(6-aminopurin-9-yl)-3,4-dihydroxyoxolan-2-yl]methyl-methylsulfonio]butanoate",0.34,4.76,398.45,-3.26,0.039687,True,False,True,charged_oxygen_or_sulfur_atoms,False,,True,"[C+,Cl+,I+,P+,S+]"
AMANTADINE,NC12CC3CC(CC(C3)C1)C2,good,good,antiparkinsonian drug,No major toxicity noted,adamantan-1-amine,0.56,3.9,151.25,1.91,0.981247,True,True,False,,False,,False,
AMBAZONE,N=C(N)NN=C1C=CC(=NNC(N)=S)C=C1,good,good,antiseptic,No major toxicity noted,[4-[2-(diaminomethylidene)hydrazinyl]phenyl]iminothiourea,0.14,3.7,237.29,-0.86,0.258919,True,True,True,"chinone_1, imine_1, imine_2, Oxygen-nitrogen_single_bond, Thiocarbonyl_group",True,quinone_A(370),False,
AMOXICILLIN,CC1(C)S[C@@H]2[C@H](NC(=O)[C@H](N)c3ccc(O)cc3)C(=O)N2[C@H]1C(=O)O,good,good,"antibiotic, amoxicillin",No major toxicity noted,"(2S,5R,6R)-6-[[(2R)-2-amino-2-(4-hydroxyphenyl)acetyl]amino]-3,3-dimethyl-7-oxo-4-thia-1-azabicyclo[3.2.0]heptane-2-carboxylic acid",0.55,3.66,365.41,0.02,0.700867,True,True,False,,False,,True,N1CCC1=O
ASPIRIN,CC(=O)Oc1ccccc1C(=O)O,good,good,aspirin,No major toxicity noted,2-acetyloxybenzoic acid,0.55,1.58,180.16,1.31,0.99417,True,True,True,phenol_ester,False,,False,
ATORVASTATIN,CC(C)c1c(C(=O)Nc2ccccc2)c(-c2ccccc2)c(-c2ccc(F)cc2)n1CC[C@@H](O)C[C@@H](O)CC(=O)O,good,good,synthetic lovastatin analogue,No major toxicity noted,"(3R,5R)-7-[2-(4-fluorophenyl)-3-phenyl-4-(phenylcarbamoyl)-5-propan-2-ylpyrrol-1-yl]-3,5-dihydroxyheptanoic acid",0.16,3.31,558.65,6.31,0.875538,False,False,False,,False,,False,
BUDESONIDE,CCCC1O[C@@H]2C[C@H]3[C@@H]4CCC5=CC(=O)C=C[C@]5(C)[C@H]4[C@@H](O)C[C@]3(C)[C@]2(C(=O)CO)O1,good,good,glucocorticoid,No major toxicity noted,"(1S,2S,4R,8S,9S,11S,12S,13R)-11-hydroxy-8-(2-hydroxyacetyl)-9,13-dimethyl-6-propyl-5,7-dioxapentacyclo[10.8.0.02,9.04,8.013,18]icosa-14,17-dien-16-one",0.71,4.87,430.54,2.72,0.083897,True,True,False,,False,,False,
CETIRIZINE,C1CN(CCN1CCOCC(=O)O)C(C2=CC=CC=C2)C3=CC=C(C=C3)Cl,good,good,antihistamine,No major toxicity noted,2-[2-[4-[(4-chlorophenyl)-phenylmethyl]piperazin-1-yl]ethoxy]acetic acid,0.7,2.48,388.9,3.15,0.995854,True,True,True,Aliphatic_long_chain,False,,False,
CHLOROPYRAMINE,CN(C)CCN(Cc1ccc(Cl)cc1)c1ccccn1,good,good,antihistamine,No major toxicity noted,"N'-[(4-chlorophenyl)methyl]-N,N-dimethyl-N'-pyridin-2-ylethane-1,2-diamine",0.81,2.03,289.81,3.3,0.993904,True,True,False,,False,,False,
CHLOROQUINE,CCN(CC)CCCC(C)Nc1ccnc2cc(Cl)ccc12,good,good,antiparasitic antimalarial drug,No major toxicity noted,"4-N-(7-chloroquinolin-4-yl)-1-N,1-N-diethylpentane-1,4-diamine",0.76,2.67,319.88,4.81,0.990907,True,True,False,,False,,False,
CIPROFLOXACIN,O=C(O)c1cn(C2CC2)c2cc(N3CCNCC3)c(F)cc2c1=O,good,good,antimicrobial drug,No major toxicity noted,1-cyclopropyl-6-fluoro-4-oxo-7-piperazin-1-ylquinoline-3-carboxylic acid,0.89,2.47,331.35,1.58,0.991071,True,True,False,,False,,False,
CLOPIDOGREL,COC(=O)[C@H](c1ccccc1Cl)N1CCc2sccc2C1,good,good,antithrombotic drug,No major toxicity noted,"methyl (2S)-2-(2-chlorophenyl)-2-(6,7-dihydro-4H-thieno[3,2-c]pyridin-5-yl)acetate",0.81,2.78,321.83,3.67,0.991335,True,True,False,,False,,False,
DARUNAVIR,CC(C)CN(C[C@@H](O)[C@H](Cc1ccccc1)NC(=O)O[C@H]1CO[C@H]2OCC[C@H]21)S(=O)(=O)c1ccc(N)cc1,good,good,antiviral drug,No major toxicity noted,"[(3aS,4R,6aR)-2,3,3a,4,5,6a-hexahydrofuro[2,3-b]furan-4-yl] N-[(2S,3R)-4-[(4-aminophenyl)sulfonyl-(2-methylpropyl)amino]-3-hydroxy-1-phenylbutan-2-yl]carbamate",0.36,3.97,547.67,2.38,0.400071,True,False,True,aniline,False,,False,
DEFERASIROX,O=C(O)c1ccc(-n2nc(-c3ccccc3O)nc2-c2ccccc2O)cc1,good,good,iron-chelating agents,No major toxicity noted,"4-[3,5-bis(2-hydroxyphenyl)-1,2,4-triazol-1-yl]benzoic acid",0.5,2.26,373.37,3.71,0.822643,True,True,False,,False,,False,
DEXAMETHASONE,C[C@@H]1C[C@H]2[C@@H]3CCC4=CC(=O)C=C[C@]4(C)[C@@]3(F)[C@@H](O)C[C@]2(C)[C@@]1(O)C(=O)CO,good,good,glucocorticosteroid,No major toxicity noted,"(8S,9R,10S,11S,13S,14S,16R,17R)-9-fluoro-11,17-dihydroxy-17-(2-hydroxyacetyl)-10,13,16-trimethyl-6,7,8,11,12,14,15,16-octahydrocyclopenta[a]phenanthren-3-one",0.67,4.64,392.47,1.9,0.019158,True,True,False,,False,,False,
DIGOXIN,C[C@H]1O[C@@H](O[C@H]2[C@@H](O)C[C@H](O[C@H]3[C@@H](O)C[C@H](O[C@H]4CC[C@@]5(C)[C@H](CC[C@@H]6[C@@H]5C[C@@H](O)[C@]5(C)[C@@H](C7=CC(=O)OC7)CC[C@]65O)C4)O[C@@H]3C)O[C@@H]2C)C[C@H](O)[C@@H]1O,good,good,cardiac glycoside,No major toxicity noted,"3-[(3S,5R,8R,9S,10S,12R,13S,14S,17R)-3-[(2R,4S,5S,6R)-5-[(2S,4S,5S,6R)-5-[(2S,4S,5S,6R)-4,5-dihydroxy-6-methyloxan-2-yl]oxy-4-hydroxy-6-methyloxan-2-yl]oxy-4-hydroxy-6-methyloxan-2-yl]oxy-12,14-dihydroxy-10,13-dimethyl-1,2,3,4,5,6,7,8,9,11,12,15,16,17-tetradecahydrocyclopenta[a]phenanthren-17-yl]-2H-furan-5-one",0.16,6.12,780.95,2.22,0.000958,False,False,True,saponine_derivative,False,,True,O1CCCCC1OC2CCC3CCCCC3C2
DONEPEZIL,COc1cc2c(cc1OC)C(=O)C(CC1CCN(Cc3ccccc3)CC1)C2,good,good,Alzheimer-type dementia treatment,No major toxicity noted,"2-[(1-benzylpiperidin-4-yl)methyl]-5,6-dimethoxy-2,3-dihydroinden-1-one",0.75,2.68,379.5,4.36,0.947393,True,True,False,,False,,False,
DROTAVERINE,CCOc1ccc(/C=C2\NCCc3cc(OCC)c(OCC)cc32)cc1OCC,good,good,antispasmodic drug,No major toxicity noted,"(1Z)-1-[(3,4-diethoxyphenyl)methylidene]-6,7-diethoxy-3,4-dihydro-2H-isoquinoline",0.65,2.43,397.52,4.93,0.782133,True,True,True,stilbene,False,,False,
EFAVIRENZ,O=C1Nc2ccc(Cl)cc2[C@@](C#CC2CC2)(C(F)(F)F)O1,good,good,antiviral drug,No major toxicity noted,"(4S)-6-chloro-4-(2-cyclopropylethynyl)-4-(trifluoromethyl)-1H-3,1-benzoxazin-2-one",0.73,3.57,315.68,4.07,0.89458,True,True,True,triple_bond,False,,False,
ESCITALOPRAM,CN(C)CCC[C@@]1(c2ccc(F)cc2)OCc2cc(C#N)ccc21,good,good,antidepressant,No major toxicity noted,(1S)-1-[3-(dimethylamino)propyl]-1-(4-fluorophenyl)-3H-2-benzofuran-5-carbonitrile,0.84,3.1,324.4,3.81,0.969317,True,True,False,,False,,False,
ETRAVIRINE,Cc1cc(C#N)cc(C)c1Oc1nc(Nc2ccc(C#N)cc2)nc(N)c1Br,good,good,antiviral drug,No major toxicity noted,"4-[6-amino-5-bromo-2-(4-cyanoanilino)pyrimidin-4-yl]oxy-3,5-dimethylbenzonitrile",0.61,2.7,435.29,4.72,0.919453,True,True,False,,False,,False,
FAMCICLOVIR,CC(=O)OCC(CCn1cnc2cnc(N)nc21)COC(C)=O,good,good,antiviral drug,No major toxicity noted,[2-(acetyloxymethyl)-4-(2-aminopurin-9-yl)butyl] acetate,0.73,2.81,321.34,0.54,0.96335,True,True,False,,False,,False,
FLUCONAZOLE,OC(Cn1cncn1)(Cn1cncn1)c1ccc(F)cc1F,good,good,antifungal drug,No major toxicity noted,"2-(2,4-difluorophenyl)-1,3-bis(1,2,4-triazol-1-yl)propan-2-ol",0.75,2.77,306.28,0.74,0.994727,True,True,False,,False,,False,
FLUOXETINE,CNCCC(Oc1ccc(C(F)(F)F)cc1)c1ccccc1,good,good,antidepressant,No major toxicity noted,N-methyl-3-phenyl-3-[4-(trifluoromethyl)phenoxy]propan-1-amine,0.85,2.45,309.33,4.44,0.99154,True,True,False,,False,,False,
FLUTICASONE,C[C@@H]1C[C@H]2[C@@H]3C[C@H](F)C4=CC(=O)C=C[C@]4(C)[C@@]3(F)[C@@H](O)C[C@]2(C)[C@@]1(O)C(=O)SCF,good,good,glucocorticoid,No major toxicity noted,"S-(fluoromethyl) (6S,8S,9R,10S,11S,13S,14S,16R,17R)-6,9-difluoro-11,17-dihydroxy-10,13,16-trimethyl-3-oxo-6,7,8,11,12,14,15,16-octahydrocyclopenta[a]phenanthrene-17-carbothioate",0.68,5.08,444.52,3.47,0.005261,True,True,True,thioester,False,,False,
FORMOTEROL,COc1ccc(CC(C)NCC(O)c2ccc(O)c(NC=O)c2)cc1,good,good,bronchodilator,No major toxicity noted,N-[2-hydroxy-5-[1-hydroxy-2-[1-(4-methoxyphenyl)propan-2-ylamino]ethyl]phenyl]formamide,0.41,3.01,344.41,2.22,0.889955,True,True,True,"aldehyde, catechol",False,,False,
FRAMYCETIN,NC[C@@H]1O[C@H](O[C@H]2[C@@H](O)[C@H](O[C@@H]3[C@@H](O)[C@H](N)C[C@H](N)[C@H]3O[C@H]3O[C@H](CN)[C@@H](O)[C@H](O)[C@H]3N)O[C@@H]2CO)[C@H](N)[C@@H](O)[C@@H]1O,good,good,antibiotic,No major toxicity noted,"(2R,3S,4R,5R,6R)-5-amino-2-(aminomethyl)-6-[(1R,2R,3S,4R,6S)-4,6-diamino-2-[(2S,3R,4S,5R)-4-[(2R,3R,4R,5S,6S)-3-amino-6-(aminomethyl)-4,5-dihydroxyoxan-2-yl]oxy-3-hydroxy-5-(hydroxymethyl)oxolan-2-yl]oxy-3-hydroxycyclohexyl]oxyoxane-3,4-diol",0.11,5.54,614.65,-8.9,0.088246,False,False,False,,False,,False,
FUROSEMIDE,NS(=O)(=O)c1cc(C(=O)O)c(NCc2ccco2)cc1Cl,good,good,diuretic,No major toxicity noted,4-chloro-2-(furan-2-ylmethylamino)-5-sulfamoylbenzoic acid,0.77,2.28,330.75,1.89,0.997483,True,True,False,,False,,False,
GALANTAMINE,COc1ccc2c3c1O[C@H]1C[C@@H](O)C=C[C@@]31CCN(C)C2,good,good,cholinesterase inhibitor,No major toxicity noted,"(1S,12S,14R)-9-methoxy-4-methyl-11-oxa-4-azatetracyclo[8.6.1.01,12.06,17]heptadeca-6(17),7,9,15-tetraen-14-ol",0.8,4.23,287.36,1.85,0.077462,True,True,True,isolated_alkene,False,,False,
GLIPIZIDE,Cc1cnc(C(=O)NCCc2ccc(S(=O)(=O)NC(=O)NC3CCCCC3)cc2)cn1,good,good,hypoglycemic drug,No major toxicity noted,N-[2-[4-(cyclohexylcarbamoylsulfamoyl)phenyl]ethyl]-5-methylpyrazine-2-carboxamide,0.6,2.34,445.55,2.08,0.996369,True,True,False,,False,,False,
GLYCINE,NCC(=O)O,good,good,central inhibitory neurotransmitter,No major toxicity noted,2-aminoacetic acid,0.42,2.05,75.07,-0.97,0.993016,True,True,False,,False,,False,
HEXETIDINE,CCCCC(CC)CN1CN(CC(CC)CCCC)CC(C)(N)C1,good,good,antiseptic,No major toxicity noted,"1,3-bis(2-ethylhexyl)-5-methyl-1,3-diazinan-5-amine",0.56,3.69,339.61,4.71,0.141109,True,True,False,,False,,False,
HYDROCHLOROTHIAZIDE,NS(=O)(=O)c1cc2c(cc1Cl)NCNS2(=O)=O,good,good,thiazide diuretic,No major toxicity noted,"6-chloro-1,1-dioxo-3,4-dihydro-2H-1lambda6,2,4-benzothiadiazine-7-sulfonamide",0.65,3.21,297.75,-0.35,0.944871,True,True,False,,False,,False,
HYDROCORTISONE,C[C@]12CCC(=O)C=C1CC[C@@H]1[C@@H]2[C@@H](O)C[C@@]2(C)[C@H]1CC[C@]2(O)C(=O)CO,good,good,glucocorticosteroid drug,No major toxicity noted,"(8S,9S,10R,11S,13S,14S,17R)-11,17-dihydroxy-17-(2-hydroxyacetyl)-10,13-dimethyl-2,6,7,8,9,11,12,14,15,16-decahydro-1H-cyclopenta[a]phenanthren-3-one",0.7,4.35,362.47,1.78,0.951232,True,True,False,,False,,False,
IBUPROFEN,CC(C)Cc1ccc(C(C)C(=O)O)cc1,good,good,ibuprofen,No major toxicity noted,2-[4-(2-methylpropyl)phenyl]propanoic acid,0.82,2.19,206.28,3.07,0.989962,True,True,False,,False,,False,
LAMIVUDINE,Nc1ccn([C@@H]2CS[C@H](CO)O2)c(=O)n1,good,good,antiviral drug,No major toxicity noted,"4-amino-1-[(2R,5S)-2-(hydroxymethyl)-1,3-oxathiolan-5-yl]pyrimidin-2-one",0.7,3.81,229.26,-0.59,0.807635,True,True,False,,False,,False,
LANSOPRAZOLE,Cc1c(OCC(F)(F)F)ccnc1C[S+]([O-])c1nc2ccccc2[nH]1,good,good,antiulcer drug,No major toxicity noted,"2-[[3-methyl-4-(2,2,2-trifluoroethoxy)-2-pyridinyl]methylsulfinyl]-1H-benzimidazole",0.7,3.74,369.37,3.52,0.981002,True,True,True,charged_oxygen_or_sulfur_atoms,False,,True,"[C+,Cl+,I+,P+,S+]"
LEDIPASVIR,COC(=O)N[C@H](C(=O)N1CC2(CC2)C[C@H]1c1nc(-c2ccc3c(c2)C(F)(F)c2cc(-c4ccc5[nH]c([C@@H]6[C@H]7CC[C@H](C7)N6C(=O)[C@@H](NC(=O)OC)C(C)C)nc5c4)ccc2-3)c[nH]1)C(C)C,good,good,hepatitis C treatment,No major toxicity noted,"methyl N-[(2S)-1-[(6S)-6-[5-[9,9-difluoro-7-[2-[(1R,3S,4S)-2-[(2S)-2-(methoxycarbonylamino)-3-methylbutanoyl]-2-azabicyclo[2.2.1]heptan-3-yl]-3H-benzimidazol-5-yl]fluoren-2-yl]-1H-imidazol-2-yl]-5-azaspiro[2.4]heptan-5-yl]-3-methyl-1-oxobutan-2-yl]carbamate",0.11,6.44,889.02,8.61,0.095206,False,False,False,,False,,False,
LEFLUNOMIDE,Cc1oncc1C(=O)Nc1ccc(C(F)(F)F)cc1,good,good,antirheumatic drug,No major toxicity noted,"5-methyl-N-[4-(trifluoromethyl)phenyl]-1,2-oxazole-4-carboxamide",0.91,2.08,270.21,3.25,0.999037,True,True,False,,False,,False,
LEVOFLOXACIN,C[C@H]1COc2c(N3CCN(C)CC3)c(F)cc3c(=O)c(C(=O)O)cn1c23.C[C@H]1COc2c(N3CCN(C)CC3)c(F)cc3c(=O)c(C(=O)O)cn1c23.O,good,good,antibacterial drug,No major toxicity noted,"bis((2S)-7-fluoro-2-methyl-6-(4-methylpiperazin-1-yl)-10-oxo-4-oxa-1-azatricyclo[7.3.1.05,13]trideca-5(13),6,8,11-tetraene-11-carboxylic acid)",0.31,4.25,740.76,2.26,0.827805,False,False,False,,False,,False,
LEVOTHYROXINE,N[C@@H](Cc1cc(I)c(Oc2cc(I)c(O)c(I)c2)c(I)c1)C(=O)O,good,good,thyroid hormone drug,No major toxicity noted,"(2S)-2-amino-3-[4-(4-hydroxy-3,5-diiodophenoxy)-3,5-diiodophenyl]propanoic acid",0.39,3.37,776.87,4.56,0.792865,True,False,True,iodine,False,,False,
LIDOCAINE,CCN(CC)CC(=O)Nc1c(C)cccc1C,good,good,analgesic,No major toxicity noted,"2-(diethylamino)-N-(2,6-dimethylphenyl)acetamide",0.85,1.81,234.34,2.58,0.998086,True,True,False,,False,,False,
LISINOPRIL,NCCCC[C@H](N[C@@H](CCc1ccccc1)C(=O)O)C(=O)N1CCC[C@H]1C(=O)O.O.O,good,good,angiotensin-converting enzyme (ACE) inhibitor,No major toxicity noted,(2S)-1-[(2S)-6-amino-2-[[(1S)-1-carboxy-3-phenylpropyl]amino]hexanoyl]pyrrolidine-2-carboxylic acid,0.32,3.34,441.53,-0.41,0.96276,True,True,True,Aliphatic_long_chain,False,,False,
LOPINAVIR,Cc1cccc(C)c1OCC(=O)N[C@@H](Cc1ccccc1)[C@@H](O)C[C@H](Cc1ccccc1)NC(=O)[C@H](C(C)C)N1CCCNC1=O,good,good,antiviral drug,No major toxicity noted,"(2S)-N-[(2S,4S,5S)-5-[[2-(2,6-dimethylphenoxy)acetyl]amino]-4-hydroxy-1,6-diphenylhexan-2-yl]-3-methyl-2-(2-oxo-1,3-diazinan-1-yl)butanamide",0.2,3.9,628.81,4.33,0.655531,True,False,False,,False,,False,
LOSARTAN,CCCCc1nc(Cl)c(CO)n1Cc1ccc(-c2ccccc2-c2nnn[nH]2)cc1,good,good,antihypertensive drug,No major toxicity noted,[2-butyl-5-chloro-3-[[4-[2-(2H-tetrazol-5-yl)phenyl]phenyl]methyl]imidazol-4-yl]methanol,0.44,2.65,422.92,4.27,0.98319,True,True,False,,False,,False,
MEMANTINE,CC12CC3CC(C)(C1)CC(N)(C3)C2,good,good,dementia treatment,No major toxicity noted,"3,5-dimethyladamantan-1-amine",0.61,5.14,179.31,2.69,0.974637,True,True,False,,False,,False,
METHIMAZOLE,Cn1ccnc1S,good,good,antithyroid drug,No major toxicity noted,3-methyl-1H-imidazole-2-thione,0.49,3.31,114.17,0.71,0.967576,True,True,True,thiol_2,False,,True,[SH]
MOLNUPIRAVIR,CC(C)C(=O)OC[C@H]1O[C@@H](n2cc/c(=N\O)[nH]c2=O)[C@H](O)[C@@H]1O,good,good,antiviral drug,No major toxicity noted,"[(2R,3S,4R,5R)-3,4-dihydroxy-5-[4-(hydroxyamino)-2-oxopyrimidin-1-yl]oxolan-2-yl]methyl 2-methylpropanoate",0.29,4.19,329.31,-1.72,0.227272,True,True,True,"oxime_1, Oxygen-nitrogen_single_bond",False,,False,
MONTELUKAST,CC(C)(O)c1ccccc1CC[C@@H](SCC1(CC(=O)O)CC1)c1cccc(/C=C/c2ccc3ccc(Cl)cc3n2)c1,good,good,anti-inflammatory antibronchoconstrictor drug,No major toxicity noted,2-[1-[[(1R)-1-[3-[(E)-2-(7-chloroquinolin-2-yl)ethenyl]phenyl]-3-[2-(2-hydroxypropan-2-yl)phenyl]propyl]sulfanylmethyl]cyclopropyl]acetic acid,0.17,3.53,586.2,8.95,0.012473,False,False,False,,False,,False,
MYCOPHENOLATE MOFETIL,COc1c(C)c2c(c(O)c1C/C=C(\C)CCC(=O)OCCN1CCOCC1)C(=O)OC2,good,good,immunosuppressant,No major toxicity noted,2-morpholin-4-ylethyl (E)-6-(4-hydroxy-6-methoxy-7-methyl-3-oxo-1H-2-benzofuran-5-yl)-4-methylhex-4-enoate,0.47,2.91,433.5,2.52,0.339014,True,True,True,isolated_alkene,False,,False,
NARLAPREVIR,CCCC[C@H](NC(=O)[C@@H]1[C@@H]2[C@H](CN1C(=O)[C@@H](NC(=O)NC1(CS(=O)(=O)C(C)(C)C)CCCCC1)C(C)(C)C)C2(C)C)C(=O)C(=O)NC1CC1,good,good,antiviral drug,No major toxicity noted,"(1R,2S,5S)-3-[(2S)-2-[[1-(tert-butylsulfonylmethyl)cyclohexyl]carbamoylamino]-3,3-dimethylbutanoyl]-N-[(3S)-1-(cyclopropylamino)-1,2-dioxoheptan-3-yl]-6,6-dimethyl-3-azabicyclo[3.1.0]hexane-2-carboxamide",0.21,4.56,707.98,3.62,0.011608,True,False,True,diketo_group,False,,False,
NITROFURAZONE,NC(=O)N/N=C/c1ccc([N+](=O)[O-])o1,good,good,antiseptic,No major toxicity noted,[(E)-(5-nitrofuran-2-yl)methylideneamino]urea,0.41,2.57,198.14,0.19,0.998471,True,True,True,"imine_1, nitro_group, Oxygen-nitrogen_single_bond",False,,True,[N
OMEPRAZOLE,COc1ccc2[nH]c([S+]([O-])Cc3ncc(C)c(OC)c3C)nc2c1,good,good,proton pump inhibitor,No major toxicity noted,"6-methoxy-2-[(4-methoxy-3,5-dimethyl-2-pyridinyl)methylsulfinyl]-1H-benzimidazole",0.72,3.72,345.42,2.9,0.972048,True,True,True,charged_oxygen_or_sulfur_atoms,False,,True,"[C+,Cl+,I+,P+,S+]"
OSELTAMIVIR,CCOC(=O)C1=C[C@@H](OC(CC)CC)[C@H](NC(C)=O)[C@@H](N)C1,good,good,antiviral drug,No major toxicity noted,"ethyl (3R,4R,5S)-4-acetamido-5-amino-3-pentan-3-yloxycyclohexene-1-carboxylate",0.69,3.76,312.41,1.29,0.175941,True,True,False,,False,,False,
PANTOPRAZOLE,COc1ccnc(C[S+]([O-])c2nc3cc(OC(F)F)ccc3[nH]2)c1OC,good,good,proton pump inhibitor,No major toxicity noted,"6-(difluoromethoxy)-2-[(3,4-dimethoxy-2-pyridinyl)methylsulfinyl]-1H-benzimidazole",0.63,3.77,383.38,2.88,0.976337,True,True,True,charged_oxygen_or_sulfur_atoms,False,,True,"[C+,Cl+,I+,P+,S+]"
PAROXETINE,Fc1ccc([C@@H]2CCNC[C@H]2COc2ccc3c(c2)OCO3)cc1,ambiguous,side effects,antidepressant,No specific toxicity comment provided,"(3S,4R)-3-(1,3-benzodioxol-5-yloxymethyl)-4-(4-fluorophenyl)piperidine",0.93,2.99,329.37,3.33,0.379808,True,True,False,,False,,False,
PENICILLIN G,CC1(C)S[C@@H]2[C@H](NC(=O)Cc3ccccc3)C(=O)N2[C@H]1C(=O)O,good,good,antibiotic,No major toxicity noted,"(2S,5R,6R)-3,3-dimethyl-7-oxo-6-[(2-phenylacetyl)amino]-4-thia-1-azabicyclo[3.2.0]heptane-2-carboxylic acid",0.8,3.2,334.4,0.86,0.976894,True,True,False,,False,,True,N1CCC1=O
PHENIRAMINE,CN(C)CCC(c1ccccc1)c1ccccn1,good,good,antihistamine,No major toxicity noted,"N,N-dimethyl-3-phenyl-3-pyridin-2-ylpropan-1-amine",0.8,2.39,240.35,3.17,0.968876,True,True,False,,False,,False,
PIOGLITAZONE,CCc1ccc(CCOc2ccc(CC3SC(=O)NC3=O)cc2)nc1,good,good,hypoglycemic drug,No major toxicity noted,"5-[[4-[2-(5-ethyl-2-pyridinyl)ethoxy]phenyl]methyl]-1,3-thiazolidine-2,4-dione",0.83,2.82,356.45,3.16,0.405029,True,True,True,thioester,False,,False,
PREDNISONE,C[C@]12C=CC(=O)C=C1CC[C@@H]1[C@@H]2C(=O)C[C@@]2(C)[C@H]1CC[C@]2(O)C(=O)CO,good,good,glucocorticosteroid,No major toxicity noted,"(8S,9S,10R,13S,14S,17R)-17-hydroxy-17-(2-hydroxyacetyl)-10,13-dimethyl-6,7,8,9,12,14,15,16-octahydrocyclopenta[a]phenanthrene-3,11-dione",0.78,4.39,358.43,1.77,0.435662,True,True,False,,False,,False,
PROCAINE HYDROCHLORIDE,CCN(CC)CCOC(=O)c1ccc(N)cc1.Cl,good,good,local anesthetic,No major toxicity noted,2-(diethylamino)ethyl 4-aminobenzoate,0.64,1.99,272.78,2.19,0.994697,True,True,True,aniline,False,,False,
PROPYLTHIOURACIL,CCCc1cc(=O)[nH]c(=S)[nH]1,good,good,antithyroid drug,No major toxicity noted,6-propyl-2-sulfanylidene-1H-pyrimidin-4-one,0.66,2.68,170.24,1.38,0.987089,True,True,True,Thiocarbonyl_group,False,,False,
PYRIDOXAL,Cc1ncc(CO)c(C=O)c1O,good,good,vitamin,No major toxicity noted,3-hydroxy-5-(hydroxymethyl)-2-methylpyridine-4-carbaldehyde,0.63,2.71,167.16,0.4,0.910766,True,True,True,aldehyde,False,,False,
RIVASTIGMINE,CCN(C)C(=O)Oc1cccc([C@H](C)N(C)C)c1,good,good,cholinesterase inhibitor,No major toxicity noted,[3-[(1S)-1-(dimethylamino)ethyl]phenyl] N-ethyl-N-methylcarbamate,0.82,2.67,250.34,2.76,0.994413,True,True,False,,False,,False,
SALMETEROL,OCc1cc(C(O)CNCCCCCCOCCCCc2ccccc2)ccc1O,good,good,bronchodilator,No major toxicity noted,2-(hydroxymethyl)-4-[1-hydroxy-2-[6-(4-phenylbutoxy)hexylamino]ethyl]phenol,0.31,2.72,415.57,4.11,0.984519,True,True,True,Aliphatic_long_chain,False,,False,
SERTRALINE,CN[C@H]1CC[C@@H](c2ccc(Cl)c(Cl)c2)c2ccccc21,good,good,antidepressant,No major toxicity noted,"(1S,4S)-4-(3,4-dichlorophenyl)-N-methyl-1,2,3,4-tetrahydronaphthalen-1-amine",0.81,2.92,306.24,5.18,0.949092,True,False,False,,False,,False,
SILDENAFIL CITRATE,CCCc1nn(C)c2c(=O)[nH]c(-c3cc(S(=O)(=O)N4CCN(C)CC4)ccc3OCC)nc12.O=C(O)CC(O)(CC(=O)O)C(=O)O,good,good,PDE5 inhibitor,No major toxicity noted,"5-[2-ethoxy-5-(4-methylpiperazin-1-yl)sulfonylphenyl]-1-methyl-3-propyl-6H-pyrazolo[4,5-d]pyrimidin-7-one",0.18,3.24,666.71,0.36,0.71719,False,False,False,,False,,False,
SOFOSBUVIR,CC(C)OC(=O)[C@H](C)N[P@](=O)(OC[C@H]1O[C@@H](n2ccc(=O)[nH]c2=O)[C@](C)(F)[C@@H]1O)Oc1ccccc1,good,good,antiviral drug,No major toxicity noted,"propan-2-yl (2S)-2-[[[(2R,3R,4R,5R)-5-(2,4-dioxopyrimidin-1-yl)-4-fluoro-3-hydroxy-4-methyloxolan-2-yl]methoxy-phenoxyphosphoryl]amino]propanoate",0.31,4.38,529.46,1.66,0.03495,True,False,True,phosphor,False,,False,
SPIRONOLACTONE,CC(=O)S[C@@H]1CC2=CC(=O)CC[C@]2(C)[C@H]2CC[C@@]3(C)[C@@H](CC[C@@]34CCC(=O)O4)[C@H]12,good,good,potassium-sparing diuretic,No major toxicity noted,"S-[(7R,8R,9S,10R,13S,14S,17R)-10,13-dimethyl-3,5'-dioxospiro[2,6,7,8,9,11,12,14,15,16-decahydro-1H-cyclopenta[a]phenanthrene-17,2'-oxolane]-7-yl] ethanethioate",0.57,5.13,416.58,4.85,0.02175,True,True,True,thioester,False,,False,
SULFASALAZINE,O=C(O)c1cc(/N=N/c2ccc(S(=O)(=O)Nc3ccccn3)cc2)ccc1O,good,good,intestinal antimicrobial and anti-inflammatory drug,No major toxicity noted,2-hydroxy-5-[[4-(pyridin-2-ylsulfamoyl)phenyl]diazenyl]benzoic acid,0.54,2.43,398.4,3.7,0.995526,True,True,True,diazo_group,True,azo_A(324),False,
TACROLIMUS ANHYDROUS,C=CC[C@@H]1/C=C(\C)C[C@H](C)C[C@H](OC)[C@H]2O[C@@](O)(C(=O)C(=O)N3CCCC[C@H]3C(=O)O[C@H](/C(C)=C/[C@@H]3CC[C@@H](O)[C@H](OC)C3)[C@H](C)[C@@H](O)CC1=O)[C@H](C)C[C@@H]2OC,good,good,immunosuppressant,No major toxicity noted,"(1R,9S,12S,13R,14S,17R,18E,21S,23S,24R,25S,27R)-1,14-dihydroxy-12-[(E)-1-[(1R,3R,4R)-4-hydroxy-3-methoxycyclohexyl]prop-1-en-2-yl]-23,25-dimethoxy-13,19,21,27-tetramethyl-17-prop-2-enyl-11,28-dioxa-4-azatricyclo[22.3.1.04,9]octacos-18-ene-2,3,10,16-tetrone",0.18,6.92,804.03,4.64,0.014117,False,False,True,"diketo_group, isolated_alkene",False,,False,
TENOFOVIR ANHYDROUS,C[C@H](Cn1cnc2c(N)ncnc21)OCP(=O)(O)O,good,good,antiviral drug,No major toxicity noted,[(2R)-1-(6-aminopurin-9-yl)propan-2-yl]oxymethylphosphonic acid,0.65,3.38,287.22,-0.05,0.956148,True,True,True,phosphor,False,,False,
TICAGRELOR,CCCSc1nc(N[C@@H]2C[C@H]2c2ccc(F)c(F)c2)c2nnn([C@@H]3C[C@H](OCCO)[C@@H](O)[C@H]3O)c2n1,good,good,antithrombotic drug,No major toxicity noted,"(1S,2S,3R,5S)-3-[7-[[(1R,2S)-2-(3,4-difluorophenyl)cyclopropyl]amino]-5-propylsulfanyltriazolo[4,5-d]pyrimidin-3-yl]-5-(2-hydroxyethoxy)cyclopentane-1,2-diol",0.23,4.51,522.58,2.01,0.031154,False,False,False,,False,,False,
TIOTROPIUM,C[N+]1(C)[C@@H]2C[C@@H](OC(=O)C(O)(c3cccs3)c3cccs3)C[C@H]1[C@@H]1O[C@@H]12,good,good,muscarinic antagonist,No major toxicity noted,"[(1S,2S,4R,5R)-9,9-dimethyl-3-oxa-9-azoniatricyclo[3.3.1.02,4]nonan-7-yl] 2-hydroxy-2,2-dithiophen-2-ylacetate",0.49,5.22,392.52,2.35,0.034363,True,True,True,"quaternary_nitrogen_2, Three-membered_heterocycle",False,,True,"C1[O,S,N]C1"
VALSARTAN,CCCCC(=O)N(Cc1ccc(-c2ccccc2-c2nnn[nH]2)cc1)[C@H](C(=O)O)C(C)C,good,good,antihypertensive drug,No major toxicity noted,(2S)-3-methyl-2-[pentanoyl-[[4-[2-(2H-tetrazol-5-yl)phenyl]phenyl]methyl]amino]butanoic acid,0.49,3.05,435.53,4.16,0.932308,True,True,False,,False,,False,
WARFARIN,CC(=O)CC(c1ccccc1)c1c(O)c2ccccc2oc1=O,good,good,indirect anticoagulant,No major toxicity noted,4-hydroxy-3-(3-oxo-1-phenylbutyl)chromen-2-one,0.75,2.63,308.33,3.61,0.972988,True,True,True,cumarine,False,,False,
ZANAMIVIR,CC(=O)N[C@H]1[C@H]([C@H](O)[C@H](O)CO)OC(C(=O)O)=C[C@@H]1NC(=N)N,good,good,antiviral drug,No major toxicity noted,"(2R,3R,4S)-3-acetamido-4-(diaminomethylideneamino)-2-[(1R,2R)-1,2,3-trihydroxypropyl]-3,4-dihydro-2H-pyran-6-carboxylic acid",0.18,4.37,332.31,-3.58,0.005159,True,False,True,"imine_1, imine_2",False,,False,
AZITHROMYCIN,CC[C@H]1OC(=O)[C@H](C)[C@@H](O[C@H]2C[C@@](C)(OC)[C@@H](O)[C@H](C)O2)[C@H](C)[C@@H](O[C@@H]2O[C@H](C)C[C@H](N(C)C)[C@H]2O)[C@](C)(O)C[C@@H](C)CN(C)[C@H](C)[C@@H](O)[C@]1(C)O,good,good,macrolide antibiotic,No major toxicity noted,"(2R,3S,4R,5R,8R,10R,11R,12S,13S,14R)-11-[(2S,3R,4S,6R)-4-(dimethylamino)-3-hydroxy-6-methyloxan-2-yl]oxy-2-ethyl-3,4,10-trihydroxy-13-[(2R,4R,5S,6S)-5-hydroxy-4-methoxy-4,6-dimethyloxan-2-yl]oxy-3,5,6,8,10,12,14-heptamethyl-1-oxa-6-azacyclopentadecan-15-one",0.24,6.13,749.0,1.9,0.004056,False,False,False,,False,,False,
CLARITHROMYCIN,CC[C@H]1OC(=O)[C@H](C)[C@@H](O[C@H]2C[C@@](C)(OC)[C@@H](O)[C@H](C)O2)[C@H](C)[C@@H](O[C@@H]2O[C@H](C)C[C@H](N(C)C)[C@H]2O)[C@](C)(OC)C[C@@H](C)C(=O)[C@H](C)[C@@H](O)[C@]1(C)O,good,good,antibiotic,No major toxicity noted,"(3R,4S,5S,6R,7R,9R,11R,12R,13S,14R)-6-[(2S,3R,4S,6R)-4-(dimethylamino)-3-hydroxy-6-methyloxan-2-yl]oxy-14-ethyl-12,13-dihydroxy-4-[(2R,4R,5S,6S)-5-hydroxy-4-methoxy-4,6-dimethyloxan-2-yl]oxy-7-methoxy-3,5,7,9,11,13-hexamethyl-oxacyclotetradecane-2,10-dione",0.27,6.12,747.96,2.44,0.002917,False,False,False,,False,,False,
CEPHALEXIN,CC1=C(C(=O)O)N2C(=O)[C@@H](NC(=O)[C@H](N)c3ccccc3)[C@H]2SC1.O,good,good,cephalosporin antibiotic,No major toxicity noted,"(6R,7R)-7-[[(2R)-2-amino-2-phenylacetyl]amino]-3-methyl-8-oxo-5-thia-1-azabicyclo[4.2.0]oct-2-ene-2-carboxylic acid",0.62,3.45,365.41,-0.38,0.695647,True,True,False,,False,,True,N1CCC1=O
CEFTRIAXONE,CO/N=C(\C(=O)N[C@@H]1C(=O)N2C(C(=O)O)=C(CSc3nc(=O)c(O)nn3C)CS[C@H]12)c1csc(N)n1,good,good,broad-spectrum antibiotic,No major toxicity noted,"(6R,7R)-7-[[(2Z)-2-(2-amino-1,3-thiazol-4-yl)-2-methoxyiminoacetyl]amino]-3-[(2-methyl-5,6-dioxo-1H-1,2,4-triazin-3-yl)sulfanylmethyl]-8-oxo-5-thia-1-azabicyclo[4.2.0]oct-2-ene-2-carboxylic acid",0.13,4.14,554.59,-1.2,0.011228,False,False,True,"imine_1, Oxygen-nitrogen_single_bond",False,,True,N1CCC1=O
METOPROLOL,COCCc1ccc(OCC(O)CNC(C)C)cc1,good,good,beta blocker,No major toxicity noted,1-[4-(2-methoxyethyl)phenoxy]-3-(propan-2-ylamino)propan-2-ol,0.71,2.39,267.37,1.61,0.999117,True,True,False,,False,,False,
ATENOLOL,CC(C)NCC(O)COc1ccc(CC(N)=O)cc1,good,good,beta blocker,No major toxicity noted,2-[4-[2-hydroxy-3-(propan-2-ylamino)propoxy]phenyl]acetamide,0.64,2.44,266.34,0.45,0.993876,True,True,False,,False,,False,
BISOPROLOL,CC(C)NCC(O)COc1ccc(COCCOC(C)C)cc1,good,good,beta blocker,No major toxicity noted,1-(propan-2-ylamino)-3-[4-(2-propan-2-yloxyethoxymethyl)phenoxy]propan-2-ol,0.58,2.61,325.45,2.37,0.997892,True,True,True,Aliphatic_long_chain,False,,False,
AMLODIPINE,CCOC(=O)C1=C(C)NC(C)=C(C(=O)OCC)C1c1ccccc1Cl,good,good,calcium channel blocker,No major toxicity noted,"diethyl 4-(2-chlorophenyl)-2,6-dimethyl-1,4-dihydropyridine-3,5-dicarboxylate",0.81,2.16,363.84,3.7,0.115307,True,True,False,,False,,False,
NIFEDIPINE,CCOC(=O)C1=C(C)NC(C)=C(C(=O)OCC)C1c1ccccc1,good,good,antihypertensive drug,No major toxicity noted,"diethyl 2,6-dimethyl-4-phenyl-1,4-dihydropyridine-3,5-dicarboxylate",0.84,2.06,329.4,3.05,0.447428,True,True,False,,False,,False,
SIMVASTATIN,CCC(C)(C)C(=O)O[C@H]1C[C@@H](C)C=C2C=C[C@H](C)[C@H](CC[C@@H]3C[C@@H](O)CC(=O)O3)[C@H]21,good,good,lipid-lowering drug,No major toxicity noted,"[(1S,3R,7S,8S,8aR)-8-[2-[(2R,4R)-4-hydroxy-6-oxooxan-2-yl]ethyl]-3,7-dimethyl-1,2,3,7,8,8a-hexahydronaphthalen-1-yl] 2,2-dimethylbutanoate",0.64,4.65,418.57,4.59,0.137818,True,True,False,,False,,False,
ROSUVASTATIN,CC(C)c1nc(N(C)S(C)(=O)=O)nc(-c2ccc(F)cc2)c1/C=C/[C@@H](O)C[C@@H](O)CC(=O)O,good,good,statin,No major toxicity noted,"(E,3R,5S)-7-[4-(4-fluorophenyl)-2-[methyl(methylsulfonyl)amino]-6-propan-2-ylpyrimidin-5-yl]-3,5-dihydroxyhept-6-enoic acid",0.47,3.62,481.55,2.4,0.361995,True,True,False,,False,,False,
FAMOTIDINE,NS(=O)(=O)c1ccc(N=C(N)N)cc1,good,good,H2 receptor blocker,No major toxicity noted,2-(4-sulfamoylphenyl)guanidine,0.44,2.15,214.25,-0.76,0.961202,True,True,True,"imine_1, imine_2",False,,False,
ONDANSETRON,Cc1nccn1CC1CCc2c(c3ccccc3n2C)C1=O,good,good,antiemetic,No major toxicity noted,"9-methyl-3-[(2-methylimidazol-1-yl)methyl]-2,3-dihydro-1H-carbazol-4-one",0.73,3.06,293.37,3.13,0.974373,True,True,False,,False,,False,
LORATADINE,CCOC(=O)N1CCC(=C2c3ccc(Cl)cc3CCc3cccnc32)CC1,good,good,antihistamine,No major toxicity noted,"ethyl 4-(13-chloro-4-azatricyclo[9.4.0.03,8]pentadeca-1(11),3(8),4,6,12,14-hexaen-2-ylidene)piperidine-1-carboxylate",0.7,2.52,382.89,4.89,0.988487,True,True,False,,False,,False,
SALBUTAMOL,CC(C)(C)NCC(O)c1ccc(O)c(O)c1,good,good,bronchodilator,No major toxicity noted,"4-[2-(tert-butylamino)-1-hydroxyethyl]benzene-1,2-diol",0.59,2.67,225.29,1.52,0.991455,True,True,True,catechol,True,catechol_A(92),False,
IPRATROPIUM,CC(C)[N+]1(C)[C@@H]2CC[C@H]1C[C@@H](OC(=O)C(CO)c1ccccc1)C2,good,good,anticholinergic drug,No major toxicity noted,"[(1R,5S)-8-methyl-8-propan-2-yl-8-azoniabicyclo[3.2.1]octan-3-yl] 3-hydroxy-2-phenylpropanoate",0.67,4.8,332.46,2.85,0.504904,True,True,True,quaternary_nitrogen_2,False,,False,
ALLOPURINOL,C1=NNC2=C1C(=O)NC=N2,good,good,anti-gout drug,No major toxicity noted,"1,5-dihydropyrazolo[5,4-d]pyrimidin-4-one",0.52,2.93,136.11,-0.35,0.978846,True,True,False,,False,,False,
FEBUXOSTAT,Cc1nc(-c2ccc(OCC(C)C)c(C#N)c2)sc1C(=O)O,good,good,xanthine oxidase inhibitor,No major toxicity noted,"2-[3-cyano-4-(2-methylpropoxy)phenyl]-4-methyl-1,3-thiazole-5-carboxylic acid",0.91,2.32,316.38,3.72,0.916557,True,True,False,,False,,False,
BISACODYL,CC(=O)Oc1ccc(C(c2ccc(OC(C)=O)cc2)c2ccccn2)cc1,good,good,laxative,No major toxicity noted,[4-[(4-acetyloxyphenyl)-pyridin-2-ylmethyl]phenyl] acetate,0.51,2.18,361.4,4.11,0.949884,True,True,True,phenol_ester,False,,False,
LOPERAMIDE,CN(C)C(=O)C(CCN1CCC(O)(c2ccc(Cl)cc2)CC1)(c1ccccc1)c1ccccc1,good,good,antidiarrheal drug,No major toxicity noted,"4-[4-(4-chlorophenyl)-4-hydroxypiperidin-1-yl]-N,N-dimethyl-2,2-diphenylbutanamide",0.52,2.55,477.05,5.09,0.975936,True,False,False,,False,,False,
ORLISTAT,CCCCCCCCCCC[C@@H](C[C@@H]1OC(=O)[C@H]1CCCCCC)OC(=O)[C@H](CC(C)C)NC=O,good,good,lipase inhibitor,No major toxicity noted,"[(2S)-1-[(2S,3S)-3-hexyl-4-oxooxetan-2-yl]tridecan-2-yl] (2S)-2-formamido-4-methylpentanoate",0.09,3.93,495.75,6.88,0.523638,True,False,True,"aldehyde, Aliphatic_long_chain, four_member_lactones",False,,True,[CD2
VITAMIN D3,CC(C)CCCC(C)C1CCC2C1(CCC3C2CCC4=CC(=O)CCC34C)C,good,good,vitamin,No major toxicity noted,"10,13-dimethyl-17-(6-methylheptan-2-yl)-1,2,6,7,8,9,11,12,14,15,16,17-dodecahydrocyclopenta[a]phenanthren-3-one",0.48,4.05,384.65,7.6,0.815067,True,False,False,,False,,False,
VITAMIN C,OC[C@H](O)[C@H](O)C(=O)O,good,good,ascorbic acid,No major toxicity noted,"(2S,3S)-2,3,4-trihydroxybutanoic acid",0.35,3.16,136.1,-2.21,0.743906,True,True,False,,False,,False,
FOLIC ACID,Nc1nc(=O)c2nc(CNc3ccc(C(=O)N[C@@H](CCC(=O)O)C(=O)O)cc3)cnc2[nH]1,good,good,vitamin,No major toxicity noted,(2S)-2-[[4-[(2-amino-4-oxo-3H-pteridin-6-yl)methylamino]benzoyl]amino]pentanedioic acid,0.26,2.99,441.4,-0.04,0.859147,True,False,False,,False,,False,
BIOTIN,O=C(O)CCCC[C@@H]1SC[C@@H]2NC(=O)N[C@@H]21,good,good,vitamin,No major toxicity noted,"5-[(3aS,4S,6aR)-2-oxo-1,3,3a,4,6,6a-hexahydrothieno[3,4-d]imidazol-4-yl]pentanoic acid",0.49,3.64,244.32,0.8,0.982518,True,True,True,"Aliphatic_long_chain, biotin_analogue",False,,False,
LEVOCETIRIZINE,C1CN(CCN1CCOCC(=O)O)[C@H](C2=CC=CC=C2)C3=CC=C(C=C3)Cl,good,good,antihistamine,No major toxicity noted,2-[2-[4-[(4-chlorophenyl)-phenylmethyl]piperazin-1-yl]ethoxy]acetic acid,0.7,2.48,388.9,3.15,0.995854,True,True,True,Aliphatic_long_chain,False,,False,
DESLORATADINE,CN1CCC(CC1)c1ccc(Cl)cc1,good,good,antihistamine,No major toxicity noted,4-(4-chlorophenyl)-1-methylpiperidine,0.69,1.7,209.72,3.15,0.98916,True,True,False,,False,,False,
RANITIDINE,CNC(=C[N+](=O)[O-])NCCSCc1ccc(CN(C)C)o1,ambiguous,side effects,withdrawn antiulcer drug,NDMA carcinogen formation during storage,"1-N'-[2-[[5-[(dimethylamino)methyl]furan-2-yl]methylsulfanyl]ethyl]-1-N-methyl-2-nitroethene-1,1-diamine",0.38,3.01,314.41,1.46,0.514684,True,True,True,"Aliphatic_long_chain, nitro_group, Oxygen-nitrogen_single_bond",False,,False,
ARIPIPRAZOLE,O=C1CCc2ccc(OCCCCN3CCN(c4cccc(Cl)c4Cl)CC3)cc2N1,ambiguous,side effects,neuroleptic,"metabolic disturbances, akathisia","7-[4-[4-(2,3-dichlorophenyl)piperazin-1-yl]butoxy]-3,4-dihydro-1H-quinolin-2-one",0.61,2.34,448.39,4.86,0.997622,True,True,True,Aliphatic_long_chain,False,,False,
ALPRAZOLAM,Cc1nnc2n1-c1ccc(Cl)cc1C(c1ccccc1)=NC2,ambiguous,addiction,tranquilizer,"dependence, sedation","8-chloro-1-methyl-6-phenyl-4H-[1,2,4]triazolo[4,3-a][1,4]benzodiazepine",0.69,2.34,308.77,3.58,0.985854,True,True,False,,False,,False,
CITALOPRAM,CN(C)CCCC1(c2ccc(F)cc2)OCc2cc(C#N)ccc21,ambiguous,side effects,antidepressant,"QT prolongation, serotonin syndrome",1-[3-(dimethylamino)propyl]-1-(4-fluorophenyl)-3H-2-benzofuran-5-carbonitrile,0.84,3.1,324.4,3.81,0.969317,True,True,False,,False,,False,
CLONAZEPAM,O=C1CN=C(c2ccccc2Cl)c2cc([N+](=O)[O-])ccc2N1,ambiguous,addiction,antiepileptic drug,"sedation, dependence","5-(2-chlorophenyl)-7-nitro-1,3-dihydro-1,4-benzodiazepin-2-one",0.68,2.38,315.72,3.04,0.947808,True,True,True,"nitro_group, Oxygen-nitrogen_single_bond",False,,False,
DIAZEPAM,CN1C(=O)CN=C(c2ccccc2)c2cc(Cl)ccc21,ambiguous,addiction,hypnotic and anticonvulsant,"sedation, dependence","7-chloro-1-methyl-5-phenyl-3H-1,4-benzodiazepin-2-one",0.79,2.12,284.75,3.15,0.984858,True,True,False,,False,,False,
LORAZEPAM,O=C1Nc2ccc(Cl)cc2C(c2ccccc2Cl)=NC1O,ambiguous,addiction,potent tranquilizer,"sedation, dependence","7-chloro-5-(2-chlorophenyl)-3-hydroxy-1,3-dihydro-1,4-benzodiazepin-2-one",0.85,2.81,321.16,3.1,0.291386,True,True,False,,False,,False,
METHOTREXATE,CN(Cc1cnc2nc(N)nc(N)c2n1)c1ccc(C(=O)N[C@@H](CCC(=O)O)C(=O)O)cc1,ambiguous,antitumor,antitumor cytostatic drug,"hepatotoxicity, myelosuppression","(2S)-2-[[4-[(2,4-diaminopteridin-6-yl)methyl-methylamino]benzoyl]amino]pentanedioic acid",0.29,3.09,454.45,0.27,0.784224,True,True,False,,False,,False,
NAPROXEN,COc1ccc2cc([C@H](C)C(=O)O)ccc2c1,ambiguous,side effects,NSAID,"gastrotoxicity, bleeding risk",(2S)-2-(6-methoxynaphthalen-2-yl)propanoic acid,0.88,2.21,230.26,3.04,0.987645,True,True,False,,False,,False,
NILOTINIB,Cc1cn(-c2cc(NC(=O)c3ccc(C)c(Nc4nccc(-c5cccnc5)n4)c3)cc(C(F)(F)F)c2)cn1,ambiguous,antitumor,antitumor drug,"QT prolongation, cardiotoxicity",4-methyl-N-[3-(4-methylimidazol-1-yl)-5-(trifluoromethyl)phenyl]-3-[(4-pyridin-3-ylpyrimidin-2-yl)amino]benzamide,0.27,2.71,529.53,6.36,0.981673,False,False,False,,False,,False,
NIMESULIDE,CS(=O)(=O)Nc1ccc([N+](=O)[O-])cc1Oc1ccccc1,ambiguous,side effects,NSAID,hepatotoxicity,N-(4-nitro-2-phenoxyphenyl)methanesulfonamide,0.68,1.93,308.31,2.76,0.994803,True,True,True,"nitro_group, Oxygen-nitrogen_single_bond",False,,False,
OLANZAPINE,Cc1cc2c(s1)Nc1ccccc1N=C2N1CCN(C)CC1,ambiguous,side effects,antipsychotic drug (neuroleptic),"metabolic syndrome, weight gain","2-methyl-4-(4-methylpiperazin-1-yl)-10H-thieno[2,3-b][1,5]benzodiazepine",0.81,2.69,312.44,3.44,0.901531,True,True,False,,False,,False,
PAZOPANIB,Cc1ccc(Nc2nccc(N(C)c3ccc4c(C)n(C)nc4c3)n2)cc1S(N)(=O)=O,ambiguous,antitumor,antitumor drug,"hepatotoxicity, hypertension","5-[[4-[(2,3-dimethylindazol-6-yl)-methylamino]pyrimidin-2-yl]amino]-2-methylbenzenesulfonamide",0.49,2.76,437.53,3.14,0.885116,True,True,False,,False,,False,
PHENOBARBITAL,O=C1NC(=O)NC(=O)C1(c2ccccc2)CC,ambiguous,addiction,antiepileptic psychotropic drug,"sedation, dependence","5-ethyl-5-phenyl-1,3-diazinane-2,4,6-trione",0.74,2.39,232.24,0.7,0.944803,True,True,True,beta-keto/anhydride,False,,False,
QUETIAPINE,OCCOCCN1CCN(C2=Nc3ccccc3Sc3ccccc32)CC1,ambiguous,side effects,atypical neuroleptic,"sedation, metabolic effects","2-[2-(4-benzo[b][1,4]benzothiazepin-6-ylpiperazin-1-yl)ethoxy]ethanol",0.8,2.46,383.52,2.86,0.984632,True,True,True,Aliphatic_long_chain,False,,False,
RISPERIDONE,Cc1nc2n(c(=O)c1CCN1CCC(c3noc4cc(F)ccc34)CC1)CCCC2,ambiguous,side effects,antipsychotic drug (neuroleptic),"hyperprolactinemia, extrapyramidal symptoms","3-[2-[4-(6-fluoro-1,2-benzoxazol-3-yl)piperidin-1-yl]ethyl]-2-methyl-6,7,8,9-tetrahydropyrido[1,2-a]pyrimidin-4-one",0.66,2.74,410.49,3.59,0.957369,True,True,False,,False,,False,
ROFECOXIB,CS(=O)(=O)c1ccc(C2=C(c3ccccc3)C(=O)OC2)cc1,ambiguous,side effects,NSAID,cardiotoxicity,3-(4-methylsulfonylphenyl)-4-phenyl-2H-furan-5-one,0.82,2.12,314.36,2.56,0.825263,True,True,True,stilbene,False,,False,
SORAFENIB,CNC(=O)c1cc(Oc2ccc(NC(=O)Nc3ccc(Cl)c(C(F)(F)F)c3)cc2)ccn1,ambiguous,antitumor,antitumor drug,"hypertension, skin toxicity",4-[4-[[4-chloro-3-(trifluoromethyl)phenyl]carbamoylamino]phenoxy]-N-methylpyridine-2-carboxamide,0.46,2.27,464.83,5.55,0.998879,True,False,False,,False,,False,
SUNITINIB,CCN(CC)CCNC(=O)c1c(C)[nH]c(/C=C2\C(=O)Nc3ccc(F)cc32)c1C,ambiguous,antitumor,antitumor drug,"cardiotoxicity, hypothyroidism","N-[2-(diethylamino)ethyl]-5-[(Z)-(5-fluoro-2-oxo-1H-indol-3-ylidene)methyl]-2,4-dimethyl-1H-pyrrole-3-carboxamide",0.63,2.65,398.48,3.33,0.848028,True,True,True,Michael_acceptor_1,False,,False,
VALDECOXIB,Cc1onc(-c2ccccc2)c1-c1ccc(S(N)(=O)=O)cc1,ambiguous,side effects,NSAID,cardiotoxicity,"4-(5-methyl-3-phenyl-1,2-oxazol-4-yl)benzenesulfonamide",0.8,1.95,314.37,2.96,0.97428,True,True,False,,False,,False,
CYCLOPHOSPHAMIDE ANHYDROUS,O=P1(N(CCCl)CCCl)NCCCO1,ambiguous,antitumor,antitumor drug,"myelosuppression, hemorrhagic cystitis","N,N-bis(2-chloroethyl)-2-oxo-1,3,2lambda5-oxazaphosphinan-2-amine",0.61,4.17,261.09,1.88,0.976729,True,True,True,"alkyl_halide, phosphor",False,,True,"[Br,Cl,I][CX4"
METHYL METHANESULFONATE,COS(=O)(=O)C,ambiguous,antitumor,antitumor agent,"carcinogenicity, mutagenicity",methyl methanesulfonate,0.43,2.37,110.13,-0.41,0.977099,True,True,True,Sulfonic_acid_1,False,,True,"COS(=O)(=O)[C,c]"
ETOPOSIDE,COc1cc([C@@H]2c3cc4c(cc3[C@@H](O[C@@H]3O[C@@H]5CO[C@@H](C)O[C@H]5[C@H](O)[C@H]3O)[C@H]3COC(=O)[C@H]23)OCO4)cc(OC)c1O,ambiguous,antitumor,antitumor agent,myelosuppression,"(5S,5aR,8aR,9R)-5-[[(2R,4aR,6R,7R,8R,8aS)-7,8-dihydroxy-2-methyl-4,4a,6,7,8,8a-hexahydropyrano[3,2-d][1,3]dioxin-6-yl]oxy]-9-(4-hydroxy-3,5-dimethoxyphenyl)-5a,6,8a,9-tetrahydro-5H-[2]benzofuro[6,5-f][1,3]benzodioxol-8-one",0.43,4.9,588.56,1.34,0.094787,False,False,False,,False,,False,
TERFENADINE,CC(C)(C)c1ccc(C(O)CCCN2CCC(C(O)(c3ccccc3)c3ccccc3)CC2)cc1,ambiguous,side effects,antihistamine,cardiotoxicity (QT prolongation),1-(4-tert-butylphenyl)-4-[4-[hydroxy(diphenyl)methyl]piperidin-1-yl]butan-1-ol,0.4,2.86,471.69,6.45,0.970389,True,False,False,,False,,False,
ASTEMIZOLE,COc1ccc(CCN2CCC(Nc3nc4ccccc4n3Cc3ccc(F)cc3)CC2)cc1,ambiguous,side effects,antihistamine,cardiotoxicity,1-[(4-fluorophenyl)methyl]-N-[1-[2-(4-methoxyphenyl)ethyl]piperidin-4-yl]benzimidazol-2-amine,0.39,2.19,458.58,5.35,0.996069,True,False,False,,False,,False,
COLCHICINE,COc1cc2c(c(OC)c1OC)-c1ccc(OC)c(=O)cc1[C@@H](NC(C)=O)CC2,ambiguous,side effects,anti-inflammatory drug,"narrow therapeutic window, toxicity gastrointestinal","N-[(7S)-1,2,3,10-tetramethoxy-9-oxo-6,7-dihydro-5H-benzo[a]heptalen-7-yl]acetamide",0.83,2.92,399.44,2.87,0.992392,True,True,False,,False,,False,
VINBLASTINE,CC[C@]1(O)C[C@@H]2CN(CCc3c([nH]c4ccccc34)[C@@](C(=O)OC)(c3cc4c(cc3OC)N(C)[C@H]3[C@@](O)(C(=O)OC)[C@H](OC(C)=O)[C@]5(CC)C=CCN6CC[C@]43[C@@H]65)C2)C1,ambiguous,antitumor,antitumor agent,"neurotoxicity, myelosuppression","methyl (1R,9R,10S,11R,12R,19R)-11-acetyloxy-12-ethyl-4-[(13S,15R,17S)-17-ethyl-17-hydroxy-13-methoxycarbonyl-1,11-diazatetracyclo[13.3.1.04,12.05,10]nonadeca-4(12),5,7,9-tetraen-13-yl]-10-hydroxy-5-methoxy-8-methyl-8,16-diazapentacyclo[10.6.1.01,9.02,7.016,19]nonadeca-2,4,6,13-tetraene-10-carboxylate",0.18,7.09,810.99,3.99,0.031528,False,False,True,">_2_ester_groups, isolated_alkene",False,,False,
THEOPHYLLINE ANHYDROUS,Cn1c(=O)c2[nH]cnc2n(C)c1=O,ambiguous,side effects,bronchodilator,"narrow therapeutic window, arrhythmias","1,3-dimethyl-7H-purine-2,6-dione",0.56,2.54,180.17,-1.04,0.986008,True,True,False,,False,,False,
FLUOROURACIL,O=c1[nH]cc(F)c(=O)[nH]1,ambiguous,antitumor,antitumor agent,"myelosuppression, mucositis","5-fluoro-1H-pyrimidine-2,4-dione",0.48,2.66,130.08,-0.8,0.985671,True,True,False,,False,,False,
CYTARABINE,Nc1ccn([C@@H]2O[C@H](CO)[C@@H](O)[C@@H]2O)c(=O)n1,ambiguous,antitumor,antitumor agent,myelosuppression,"4-amino-1-[(2R,3S,4S,5R)-3,4-dihydroxy-5-(hydroxymethyl)oxolan-2-yl]pyrimidin-2-one",0.45,3.55,243.22,-2.56,0.650064,True,True,False,,False,,False,
MITOMYCIN,CO[C@@]12[C@H](COC(N)=O)C3=C(C(=O)C(C)=C(N)C3=O)N1C[C@@H]1N[C@@H]12,ambiguous,antitumor,antitumor agent,"myelosuppression, nephrotoxicity","[(4S,6S,7R,8S)-11-amino-7-methoxy-12-methyl-10,13-dioxo-2,5-diazatetracyclo[7.4.0.02,7.04,6]trideca-1(9),11-dien-8-yl]methyl carbamate",0.41,4.6,334.33,-1.65,0.055989,True,True,True,"chinone_1, Three-membered_heterocycle",True,quinone_A(370),True,"C1[O,S,N]C1, O=C1[#6]~[#6]C(=O)[#6]~[#6]1"
BUSULFAN,CS(=O)(=O)OCCCCOS(C)(=O)=O,ambiguous,antitumor,antitumor agent,"myelosuppression, pulmonary fibrosis",4-methylsulfonyloxybutyl methanesulfonate,0.45,2.48,246.31,-0.28,0.971648,True,True,True,"Aliphatic_long_chain, Sulfonic_acid_1",False,,True,"COS(=O)(=O)[C,c]"
PROCARBAZINE,CNNCc1ccc(C(=O)NC(C)C)cc1,ambiguous,antitumor,antitumor agent,"carcinogenicity, myelosuppression",4-[(2-methylhydrazinyl)methyl]-N-propan-2-ylbenzamide,0.65,1.99,221.3,1.05,0.991723,True,True,True,Oxygen-nitrogen_single_bond,False,,False,
TRAMADOL,COc1cccc([C@@]2(O)CCCC[C@@H]2CN(C)C)c1,ambiguous,addiction,opioid analgesic,"dependence, seizures","cis-(1R,2R)-2-[(dimethylamino)methyl]-1-(3-methoxyphenyl)cyclohexan-1-ol",0.91,3.02,263.38,2.63,0.939346,True,True,False,,False,,False,
FENTANYL,CCC(=O)N(c1ccccc1)C1CCN(CCc2ccccc2)CC1,ambiguous,addiction,opioid analgesic,"respiratory depression, dependence",N-phenyl-N-[1-(2-phenylethyl)piperidin-4-yl]propanamide,0.79,1.98,336.48,4.14,0.992552,True,True,False,,False,,False,
METHADONE,CCC(=O)C(CC(C)N(C)C)(c1ccccc1)c1ccccc1,ambiguous,addiction,opioid analgesic,"QT prolongation, dependence","6-(dimethylamino)-4,4-diphenylheptan-3-one",0.76,2.71,309.45,4.29,0.972777,True,True,False,,False,,False,
BUPRENORPHINE,CO[C@@]12CC[C@@]3(C[C@@H]1[C@](C)(O)C(C)(C)C)[C@H]1Cc4ccc(O)c5c4[C@@]3(CCN1CC1CC1)[C@H]2O5,ambiguous,addiction,partial opioid agonist,"dependence (lower risk), respiratory depression","(1S,2S,6R,14R,15S,16R)-5-(cyclopropylmethyl)-16-[(2S)-2-hydroxy-3,3-dimethylbutan-2-yl]-15-methoxy-13-oxa-5-azahexacyclo[13.2.2.12,8.01,6.02,14.012,20]icosa-8(20),9,11-trien-11-ol",0.69,6.46,467.65,4.41,0.001882,True,True,False,,False,,False,
HALOPERIDOL,O=C(CCCN1CCC(O)(c2ccc(Cl)cc2)CC1)c1ccc(F)cc1,ambiguous,side effects,antipsychotic drug,"extrapyramidal symptoms, QT prolongation",4-[4-(4-chlorophenyl)-4-hydroxypiperidin-1-yl]-1-(4-fluorophenyl)butan-1-one,0.76,2.12,375.87,4.43,0.994494,True,True,False,,False,,False,
CLOZAPINE,CN1CCN(C2=Nc3cc(Cl)ccc3Nc3ccccc32)CC1,ambiguous,side effects,atypical antipsychotic,agranulocytosis,"3-chloro-6-(4-methylpiperazin-1-yl)-11H-benzo[b][1,4]benzodiazepine",0.8,2.33,326.83,3.72,0.984789,True,True,False,,False,,False,
PALIPERIDONE,Cc1nc2n(c(=O)c1CCN1CCC(c3noc4cc(F)ccc34)CC1)CCCC2O,ambiguous,side effects,antipsychotic drug,hyperprolactinemia,"3-[2-[4-(6-fluoro-1,2-benzoxazol-3-yl)piperidin-1-yl]ethyl]-9-hydroxy-2-methyl-6,7,8,9-tetrahydropyrido[1,2-a]pyrimidin-4-one",0.69,3.32,426.49,3.08,0.974083,True,True,False,,False,,False,
DOXORUBICIN,COc1cccc2c1C(=O)c1c(O)c3c(c(O)c1C2=O)C[C@@](O)(C(=O)CO)C[C@@H]3O[C@H]1C[C@H](N)[C@H](O)[C@H](C)O1,ambiguous,antitumor,antitumor agent,cardiotoxicity,"(7S,9S)-7-[(2R,4S,5S,6S)-4-amino-5-hydroxy-6-methyloxan-2-yl]oxy-6,9,11-trihydroxy-9-(2-hydroxyacetyl)-4-methoxy-8,10-dihydro-7H-tetracene-5,12-dione",0.24,4.49,543.53,0.0,0.007789,False,False,True,hydroquinone,True,quinone_A(370),True,O=C1[#6]~[#6]C(=O)[#6]~[#6]1
VINCRISTINE,CC[C@]1(O)C[C@H]2CN(CCc3c([nH]c4ccccc34)[C@@](C(=O)OC)(c3cc4c(cc3OC)N(C=O)[C@H]3[C@@](O)(C(=O)OC)[C@H](OC(C)=O)[C@]5(CC)C=CCN6CC[C@]43[C@@H]65)C2)C1,ambiguous,antitumor,antitumor agent,neurotoxicity,"methyl (1R,9R,10S,11R,12R,19R)-11-acetyloxy-12-ethyl-4-[(13S,15S,17S)-17-ethyl-17-hydroxy-13-methoxycarbonyl-1,11-diazatetracyclo[13.3.1.04,12.05,10]nonadeca-4(12),5,7,9-tetraen-13-yl]-8-formyl-10-hydroxy-5-methoxy-8,16-diazapentacyclo[10.6.1.01,9.02,7.016,19]nonadeca-2,4,6,13-tetraene-10-carboxylate",0.13,7.2,824.97,3.52,0.024454,False,False,True,">_2_ester_groups, aldehyde, isolated_alkene",False,,False,
TAMOXIFEN,CC/C(=C(\c1ccccc1)c1ccc(OCCN(C)C)cc1)c1ccccc1,ambiguous,side effects,"SERM, hormonal therapy","thrombosis risk, endometrial cancer","2-[4-[(Z)-1,2-diphenylbut-1-enyl]phenoxy]-N,N-dimethylethanamine",0.45,2.02,371.52,6.0,0.989543,True,False,True,stilbene,False,,False,
COCAINE,COC(=O)[C@H]1[C@@H](OC(=O)c2ccccc2)C[C@@H]2CC[C@H]1N2C,ambiguous,addiction,narcotic drug,"cardiotoxicity, dependence","methyl (1R,2R,3S,5S)-3-benzoyloxy-8-methyl-8-azabicyclo[3.2.1]octane-2-carboxylate",0.8,3.99,303.36,1.87,0.901134,True,True,False,,False,,False,
MORPHINE,CN1CC[C@]23c4c5ccc(O)c4O[C@H]2[C@@H](O)C=C[C@H]3[C@H]1C5,ambiguous,addiction,opioid analgesic,"respiratory depression, dependence","(4R,4aR,7S,7aR,12bS)-3-methyl-2,4,4a,7,7a,13-hexahydro-1H-4,12-methanobenzofuro[3,2-e]isoquinoline-7,9-diol",0.7,5.27,285.34,1.2,0.002836,True,True,True,isolated_alkene,False,,False,
OXYCODONE,COc1ccc2c3c1O[C@H]1C(=O)CC[C@@]4(O)[C@@H](C2)N(C)CC[C@]314,ambiguous,addiction,opioid analgesic,dependence,"(4R,4aS,7aR,12bS)-4a-hydroxy-9-methoxy-3-methyl-2,4,5,6,7a,13-hexahydro-1H-4,12-methanobenzofuro[3,2-e]isoquinolin-7-one",0.84,4.98,315.37,1.05,0.002788,True,True,False,,False,,False,
MIDOMAFETAMINE,CNC(C)Cc1ccc2c(c1)OCO2,ambiguous,addiction,psychostimulant,"neurotoxicity, hyperthermia","1-(1,3-benzodioxol-5-yl)-N-methylpropan-2-amine",0.79,2.48,193.25,1.57,0.992789,True,True,False,,False,,False,
LYSERGIDE,CCN(CC)C(=O)[C@@H]1C=C2c3cccc4[nH]cc(c34)C[C@H]2N(C)C1,ambiguous,addiction,hallucinogen,psychosis,"(6aR,9R)-N,N-diethyl-7-methyl-6,6a,8,9-tetrahydro-4H-indolo[4,3-fg]quinoline-9-carboxamide",0.94,3.57,323.44,2.91,0.614621,True,True,False,,False,,False,
PSILOCYBIN,CN(C)CCc1c[nH]c2cccc(OP(=O)(O)O)c12,ambiguous,addiction,natural hallucinogen,psychiatric effects,[3-[2-(dimethylamino)ethyl]-1H-indol-4-yl] dihydrogen phosphate,0.73,2.64,284.25,1.74,0.992973,True,True,True,phosphor,False,,False,
HEROIN,CC(=O)Oc1ccc2c3c1O[C@H]1[C@@H](OC(C)=O)C=C[C@H]4[C@@H](C2)N(C)CC[C@@]341,ambiguous,addiction,narcotic drug,"high dependence, respiratory depression","[(4R,4aR,7S,7aR,12bS)-9-acetyloxy-3-methyl-2,4,4a,7,7a,13-hexahydro-1H-4,12-methanobenzofuro[3,2-e]isoquinolin-7-yl] acetate",0.45,5.27,369.42,1.99,0.0046,True,True,True,"isolated_alkene, phenol_ester",False,,False,
AMITRIPTYLINE,CN(C)CCC=C1c2ccccc2CCc2ccccc21,ambiguous,side effects,tricyclic antidepressant,cardiotoxicity in overdose,"N,N-dimethyl-3-(2-tricyclo[9.4.0.03,8]pentadeca-1(15),3,5,7,11,13-hexaenylidene)propan-1-amine",0.81,2.17,277.41,4.17,0.960279,True,True,False,,True,styrene_A(13),False,
IMIPRAMINE,CN(C)CCCN1c2ccccc2CCc2ccccc21,ambiguous,side effects,tricyclic antidepressant,"cardiotoxicity, CNS effects","3-(5,6-dihydrobenzo[b][1]benzazepin-11-yl)-N,N-dimethylpropan-1-amine",0.84,1.93,280.42,3.88,0.988288,True,True,False,,False,,False,
NORTRIPTYLINE,CNCCC=C1c2ccccc2CCc2ccccc21,ambiguous,side effects,tricyclic antidepressant,cardiotoxicity in overdose,"N-methyl-3-(2-tricyclo[9.4.0.03,8]pentadeca-1(15),3,5,7,11,13-hexaenylidene)propan-1-amine",0.83,2.23,263.38,3.83,0.948508,True,True,True,Aliphatic_long_chain,True,styrene_A(13),False,
CARBAMAZEPINE,NC(=O)N1c2ccccc2C=Cc2ccccc21,ambiguous,side effects,anticonvulsant,"agranulocytosis, skin reactions",benzo[b][1]benzazepine-11-carboxamide,0.75,2.26,236.27,3.39,0.967839,True,True,True,stilbene,False,,False,
PHENYTOIN,O=C1NC(=O)N(C1=O)c1ccccc1,ambiguous,side effects,anticonvulsant,"narrow therapeutic window, gingival hyperplasia","1-phenylimidazolidine-2,4,5-trione",0.51,1.86,190.16,0.27,0.955514,True,True,True,"diketo_group, hydantoin",False,,False,
VALPROIC ACID,CCC(C)C(=O)O,ambiguous,side effects,anticonvulsant,"hepatotoxicity, teratogenicity",2-methylbutanoic acid,0.57,2.51,102.13,1.12,0.988389,True,True,False,,False,,False,
LAMOTRIGINE,Nc1nnc(-c2cccc(Cl)c2Cl)c(N)n1,ambiguous,side effects,anticonvulsant,Stevens-Johnson syndrome,"6-(2,3-dichlorophenyl)-1,2,4-triazine-3,5-diamine",0.81,2.42,256.1,2.01,0.979089,True,True,False,,False,,False,
TOPIRAMATE,CC1(C)O[C@@H]2[C@@H](CO[C@@]3(COS(N)(=O)=O)OC(C)(C)O[C@@H]23)O1,ambiguous,side effects,anticonvulsant,"teratogenicity, cognitive effects","[(1R,2S,6S,9R)-4,4,11,11-tetramethyl-3,5,7,10,12-pentaoxatricyclo[7.3.0.02,6]dodecan-6-yl]methyl sulfamate",0.74,4.49,339.37,-0.4,0.895727,True,True,False,,False,,False,
GABAPENTIN,NC(C)CC(=O)O,ambiguous,side effects,anticonvulsant,sedation,3-aminobutanoic acid,0.51,2.65,103.12,-0.19,0.990051,True,True,False,,False,,False,
PREGABALIN,CC(C)CC(N)C(=O)O,ambiguous,addiction,anticonvulsant,abuse potential,2-amino-4-methylpentanoic acid,0.58,2.4,131.18,0.44,0.991968,True,True,False,,False,,False,
CHLORPROMAZINE,CN(C)CCCN1c2ccccc2Sc2ccccc21,ambiguous,side effects,antipsychotic,cardiotoxicity,"N,N-dimethyl-3-phenothiazin-10-ylpropan-1-amine",0.83,2.03,284.43,4.24,0.970823,True,True,False,,True,het_thio_666_A(13),False,
THIORIDAZINE,CSc1ccc2c(c1)N(CCC1CCCCN1C)c1ccccc1S2,ambiguous,side effects,antipsychotic,QT prolongation,10-[2-(1-methylpiperidin-2-yl)ethyl]-2-methylsulfanylphenothiazine,0.62,2.94,370.59,5.89,0.887105,True,False,False,,False,,False,
ZIPRASIDONE,O=C1Cc2cc(CCN3CCN(c4nsc5ccccc45)CC3)c(Cl)cc2N1,ambiguous,side effects,antipsychotic,QT prolongation,"5-[2-[4-(1,2-benzothiazol-3-yl)piperazin-1-yl]ethyl]-6-chloro-1,3-dihydroindol-2-one",0.71,2.61,412.95,3.81,0.960174,True,True,False,,False,,False,
LURASIDONE,O=C1[C@@H]2[C@H]3CC[C@H](C3)[C@@H]2C(=O)N1C[C@@H]1CCCC[C@H]1CN1CCN(c2nsc3ccccc23)CC1,ambiguous,addiction,antipsychotic,"sedation, abuse potential","(1R,2S,6R,7S)-4-[[(1R,2R)-2-[[4-(1,2-benzothiazol-3-yl)piperazin-1-yl]methyl]cyclohexyl]methyl]-4-azatricyclo[5.2.1.02,6]decane-3,5-dione",0.58,4.8,492.69,4.26,0.45623,True,True,True,phthalimide,False,,True,O=C1NCC2CCCCC21
KETAMINE,CNC1(CCCCC1=O)c1ccccc1,ambiguous,addiction,anesthetic,"psychoactivity, dependence",2-(methylamino)-2-phenylcyclohexan-1-one,0.8,2.94,203.29,2.24,0.837902,True,True,False,,False,,False,
PHENCYCLIDINE,C1CCC(CC1)(c1ccccc1)N1CCCCC1,ambiguous,addiction,narcotic drug,neurotoxicity,1-(1-phenylcyclohexyl)piperidine,0.75,2.13,243.39,4.33,0.98329,True,True,False,,False,,False,
DEXTROMETHORPHAN,COc1ccc2c(c1)[C@]13CCCC[C@@H]1[C@H](C2)N(C)CC3,ambiguous,addiction,analgesic/antitussive,abuse potential,"(1S,9S,10S)-4-methoxy-17-methyl-17-azatetracyclo[7.5.3.01,10.02,7]heptadeca-2(7),3,5-triene",0.78,3.99,271.4,3.38,0.011805,True,True,False,,False,,False,
CODEINE,COc1ccc2c3c1O[C@H]1[C@@H](O)C=C[C@H]4[C@@H](C2)N(C)CC[C@@]341,ambiguous,addiction,opioid,dependence,"(4R,4aR,7S,7aR,12bS)-9-methoxy-3-methyl-2,4,4a,7,7a,13-hexahydro-1H-4,12-methanobenzofuro[3,2-e]isoquinolin-7-ol",0.8,5.16,299.37,1.5,0.001636,True,True,True,isolated_alkene,False,,False,
HYDROCODONE,COc1ccc2c3c1O[C@H]1C(=O)CC[C@H]4[C@@H](C2)N(C)CC[C@]314,ambiguous,addiction,semisynthetic opioid,"sedation, dependence","(4R,4aR,7aR,12bS)-9-methoxy-3-methyl-1,2,4,4a,5,6,7a,13-octahydro-4,12-methanobenzofuro[3,2-e]isoquinolin-7-one",0.79,4.89,299.37,1.93,0.003306,True,True,False,,False,,False,
HYDROMORPHONE,CN1CC[C@]23c4c5ccc(O)c4O[C@H]2C(=O)CC[C@H]3[C@H]1C5,ambiguous,addiction,opioid,"respiratory depression, dependence","(4R,4aR,7aR,12bS)-9-hydroxy-3-methyl-1,2,4,4a,5,6,7a,13-octahydro-4,12-methanobenzofuro[3,2-e]isoquinolin-7-one",0.79,4.99,285.34,1.63,0.001741,True,True,False,,False,,False,
AMPHETAMINE,CC(N)Cc1ccccc1,ambiguous,addiction,stimulant,dependence,1-phenylpropan-2-amine,0.65,1.84,135.21,1.58,0.991886,True,True,False,,False,,False,
METHAMPHETAMINE,CNC(C)Cc1ccccc1,ambiguous,addiction,stimulant,"neurotoxicity, dependence",N-methyl-1-phenylpropan-2-amine,0.69,1.99,149.24,1.84,0.994142,True,True,False,,False,,False,
METHYLPHENIDATE,COC(=O)C(Cc1ccccc1)N1CCCC1,ambiguous,addiction,stimulant,abuse potential,methyl 3-phenyl-2-pyrrolidin-1-ylpropanoate,0.74,2.27,233.31,1.87,0.996159,True,True,False,,False,,False,
ISOTRETINOIN,CC(C)=CCC/C(C)=C/C=C/C(C)=C/C(=O)O,ambiguous,side effects,retinoid,teratogenicity,"(2E,4E,6E)-3,7,11-trimethyldodeca-2,4,6,10-tetraenoic acid",0.42,2.92,234.34,4.27,0.463612,True,True,True,"isolated_alkene, Michael_acceptor_1, polyene",False,,False,
ACITRETIN,CC(C)=CCC/C(C)=C/C=C/C(C)=C/C(=O)O,ambiguous,side effects,retinoid,teratogenicity,"(2E,4E,6E)-3,7,11-trimethyldodeca-2,4,6,10-tetraenoic acid",0.42,2.92,234.34,4.27,0.463612,True,True,True,"isolated_alkene, Michael_acceptor_1, polyene",False,,False,
FINASTERIDE,CC(C)(C)NC(=O)[C@H]1CC[C@H]2[C@@H]3CC[C@H]4NC(=O)C=C[C@]4(C)[C@H]3CC[C@]12C,ambiguous,side effects,antitumor drug,hormonal effects,"(1S,3aS,3bS,5aR,9aR,9bS,11aS)-N-tert-butyl-9a,11a-dimethyl-7-oxo-1,2,3,3a,3b,4,5,5a,6,9b,10,11-dodecahydroindeno[5,4-f]quinoline-1-carboxamide",0.74,4.37,372.55,3.81,0.013615,True,True,False,,False,,False,
AMIODARONE,CCCCc1oc2ccccc2c1C(=O)c1cc(I)c(OCCN(CC)CC)c(I)c1,ambiguous,side effects,antiarrhythmic drug,"pulmonary toxicity, thyroid","(2-butyl-1-benzofuran-3-yl)-[4-[2-(diethylamino)ethoxy]-3,5-diiodophenyl]methanone",0.17,2.73,645.32,6.94,0.972935,False,False,True,iodine,False,,False,
CAFFEINE,Cn1cnc2c1c(=O)n(C)c(=O)n2C,ambiguous,side effects,stimulant,"tachycardia, anxiety (at high doses)","1,3,7-trimethylpurine-2,6-dione",0.54,2.3,194.19,-1.03,0.969933,True,True,False,,False,,False,
DIPHENHYDRAMINE,CN(C)CCOC(c1ccccc1)c1ccccc1,ambiguous,side effects,antihistamine,anticholinergic effects,"2-benzhydryloxy-N,N-dimethylethanamine",0.78,1.82,255.36,3.35,0.983187,True,True,False,,False,,False,
PROMETHAZINE,CC(CN1c2ccccc2Sc2ccccc21)N(C)C,ambiguous,side effects,antihistamine,anticholinergic effects,"N,N-dimethyl-1-phenothiazin-10-ylpropan-2-amine",0.83,2.65,284.43,4.24,0.943207,True,True,False,,True,het_thio_666_A(13),False,
METOCLOPRAMIDE,CN(CCCN1c2ccccc2C=Cc2ccccc21)C,ambiguous,side effects,antiemetic,extrapyramidal adverse effects,"3-benzo[b][1]benzazepin-11-yl-N,N-dimethylpropan-1-amine",0.82,2.19,278.4,4.26,0.979188,True,True,True,stilbene,False,,False,
DOMPERIDONE,C1CCC(CC1)N1CCN(CC1)C(=O)c1ccc(Cl)cc1,ambiguous,side effects,antiemetic,cardiotoxicity,(4-chlorophenyl)-(4-cyclohexylpiperazin-1-yl)methanone,0.84,1.78,306.84,3.43,0.998179,True,True,False,,False,,False,
KETOCONAZOLE,CC(=O)N1CCN(c2ccc(OCC3COC(Cn4ccnc4)(c4ccc(Cl)cc4Cl)O3)cc2)CC1,ambiguous,side effects,antifungal drug,hepatotoxicity,"1-[4-[4-[[2-(2,4-dichlorophenyl)-2-(imidazol-1-ylmethyl)-1,3-dioxolan-4-yl]methoxy]phenyl]piperazin-1-yl]ethanone",0.46,3.44,531.44,4.21,0.995154,True,False,False,,True,anil_di_alk_C(246),False,
ITRACONAZOLE,CCC(C)n1ncn(-c2ccc(N3CCN(c4ccc(OCC5COC(Cn6cncn6)(c6ccc(Cl)cc6Cl)O5)cc4)CC3)cc2)c1=O,ambiguous,side effects,synthetic antifungal drug,hepatotoxicity,"2-butan-2-yl-4-[4-[4-[4-[[2-(2,4-dichlorophenyl)-2-(1,2,4-triazol-1-ylmethyl)-1,3-dioxolan-4-yl]methoxy]phenyl]piperazin-1-yl]phenyl]-1,2,4-triazol-3-one",0.17,4.12,705.65,5.58,0.882127,False,False,False,,True,"anil_di_alk_A(478), anil_di_alk_C(246)",False,
COLISTIN,CC(C)CC(N)C(=O)NCC(=O)NCC(=O)NCC(=O)O,ambiguous,side effects,antibiotic,nephrotoxicity,2-[[2-[[2-[(2-amino-4-methylpentanoyl)amino]acetyl]amino]acetyl]amino]acetic acid,0.33,2.57,302.33,-2.21,0.952471,True,True,False,,False,,False,
GENTAMICIN,CC(C)C1OC(CO)C(O)C(O)C1N,ambiguous,side effects,antibiotic,ototoxicity,"5-amino-2-(hydroxymethyl)-6-propan-2-yloxane-3,4-diol",0.44,3.99,205.25,-1.55,0.823576,True,True,False,,False,,False,
AZATHIOPRINE,Cn1cnc([N+](=O)[O-])c1Sc1ncnc2[nH]cnc12,ambiguous,side effects,immunosuppressive drug,"immunosuppression, toxicity",6-(3-methyl-5-nitroimidazol-4-yl)sulfanyl-7H-purine,0.43,3.28,277.27,1.15,0.97997,True,True,True,"nitro_group, Oxygen-nitrogen_single_bond",False,,False,
L-DOPA (LEVODOPA),N[C@@H](Cc1ccc(O)c(O)c1)C(=O)O,ambiguous,side effects,Parkinson disease drug,"neurotoxic (oxidizes to dopamine, generates free radicals)","(2S)-2-amino-3-(3,4-dihydroxyphenyl)propanoic acid",0.51,2.43,197.19,0.05,0.984338,True,True,True,catechol,True,catechol_A(92),False,
DISULFIRAM,CCN(CC)C(=S)SSC(=S)N(CC)CC,ambiguous,side effects,alcohol use disorder treatment (Antabuse),hepatotoxic and neurotoxic in overdose,"diethylcarbamothioylsulfanyl N,N-diethylcarbamodithioate",0.57,3.12,296.55,3.62,0.95208,True,True,True,"disulphide, Thiocarbonyl_group",False,,True,SS
DIMERCAPROL,OCC(S)CS,ambiguous,side effects,antidote for arsenic/mercury poisoning,"toxic (hypertension, nephrotoxicity)","2,3-bis(sulfanyl)propan-1-ol",0.45,4.39,124.23,0.21,0.986858,True,True,True,thiol_2,False,,True,[SH]
DEFEROXAMINE,CC(=O)N(O)CCCCCNC(=O)CCC(=O)N(O)CCCCCNC(=O)CCC(=O)N(O)CCCCCN,ambiguous,side effects,iron chelator for hemochromatosis,causes anaphylaxis and ototoxicity,N-[5-[[4-[5-[acetyl(hydroxy)amino]pentylamino]-4-oxobutanoyl]-hydroxyamino]pentyl]-N'-(5-aminopentyl)-N'-hydroxybutanediamide,0.06,3.05,560.69,0.92,0.67926,False,False,True,"Aliphatic_long_chain, hydroxamic_acid, Oxygen-nitrogen_single_bond",False,,False,
MINOXIDIL,Nc1cc(N2CCCCC2)nc(N)[n+]1[O-],ambiguous,side effects,alopecia and hypertension treatment,"causes tachycardia, fluid retention, hypertrichosis",3-hydroxy-2-imino-6-piperidin-1-ylpyrimidin-4-amine,0.5,3.04,209.25,-0.13,0.984442,True,True,True,"N_oxide, quaternary_nitrogen_1",False,,False,
PROPOFOL,CC(C)c1cccc(C(C)C)c1O,ambiguous,side effects,anesthetic,"metabolic acidosis, rhabdomyolysis, heart failure","2,6-di(propan-2-yl)phenol",0.73,1.98,178.27,3.64,0.985666,True,True,False,,False,,False,
METFORMIN,CN(C)C(=N)NC(=N)N,ambiguous,side effects,antidiabetic drug,lactic acidosis (rare),"3-(diaminomethylidene)-1,1-dimethylguanidine",0.25,3.67,129.17,-1.03,0.896241,True,True,True,"imine_1, imine_2",False,,False,
TETRACYCLINE,CN(C)[C@@H]1C(O)=C(C(N)=O)C(=O)[C@@]2(O)C(O)=C3C(=O)c4c(O)cccc4[C@@](C)(O)[C@H]3C[C@@H]12,ambiguous,side effects,antibiotic,"teratogenicity, phototoxicity","(4S,4aS,5aS,6S,12aR)-4-(dimethylamino)-1,6,10,11,12a-pentahydroxy-6-methyl-3,12-dioxo-4,4a,5,5a-tetrahydrotetracene-2-carboxamide",0.34,4.47,444.44,-0.21,0.004002,True,False,True,Michael_acceptor_4,False,,False,
CHLORAMPHENICOL,O=C(N[C@H](CO)[C@H](O)c1ccc([N+](=O)[O-])cc1)C(Cl)Cl,ambiguous,side effects,antibiotic,aplastic anemia,"2,2-dichloro-N-[(1R,2R)-1,3-dihydroxy-1-(4-nitrophenyl)propan-2-yl]acetamide",0.41,3.13,323.13,0.91,0.987057,True,True,True,"alkyl_halide, nitro_group, Oxygen-nitrogen_single_bond",False,,True,"[Br,Cl,I][CX4"
