Name,SMILES,Status,Status_Reason,Class,Toxicity,IUPAC,QED,SA,MW,logP,Lipinski,BRENK,PAINS,Glaxo,BRENK STRUCTS,PAINS STRUCTS,Glaxo STRUCTS,RAscore
ACETONE,CC(C)=O,bad,bad extreme,растворитель,"угнетение ЦНС, раздражение",propan-2-one,"0,4","1,65","58,08","0,6",True,False,False,False,,,,"0,9910202622413635"
ACROLEIN,C=CC=O,bad,bad extreme,реактивный альдегид,сильная клеточная токсичность,prop-2-enal,"0,31","3,3","56,06","0,37",True,True,False,False,"aldehyde, Michael_acceptor_1",,,"0,9694293737411499"
ACRYLAMIDE,C=CC(N)=O,bad,bad extreme,промышленное вещество,"нейротоксичность, канцерогенность",prop-2-enamide,"0,42","2,57","71,08","-0,34",True,True,False,False,Michael_acceptor_1,,,"0,9834941625595093"
AFLATOXIN,COc1cc2c(c3oc(=O)c4c(c13)CCC4=O)[C@@H]1C=CO[C@@H]1O2,bad,nature toxin,микототоксин,канцерогенность,"(3S,7R)-11-methoxy-6,8,19-trioxapentacyclo[10.7.0.02,9.03,7.013,17]nonadeca-1,4,9,11,13(17)-pentaene-16,18-dione","0,75","4,01","312,28","2,28",True,True,False,False,cumarine,,,"0,0767199844121933"
BENZENE,c1ccccc1,bad,bad extreme,ароматический растворитель,канцерогенность,benzene,"0,44",1,"78,11","1,69",True,False,False,False,,,,"0,9788146615028381"
BROMO ACETONE,CC(=O)CBr,bad,bad extreme,лакриматор,раздражение глаз и дыхательных путей,1-bromopropan-2-one,"0,49","2,53","136,98","0,97",True,True,False,True,alkyl_halide,,"[Br,Cl,I][CX4;CH,CH2]","0,9937893748283386"
CARBON TETRACHLORIDE,ClC(Cl)(Cl)Cl,bad,bad extreme,растворитель,гепатотоксичность ,tetrachloromethane,"0,47","2,86","153,82","2,55",True,True,False,False,alkyl_halide,,,"0,910971462726593"
CHLOROFORM,ClC(Cl)Cl,bad,bad extreme,растворитель/анестетик,"гепатотоксичность, угнетение ЦНС",chloroform,"0,43","3,18","119,38","1,99",True,True,False,True,alkyl_halide,,"[Br,Cl,I][CX4;CH,CH2]","0,9649386405944824"
CONIINE,CCC[C@H]1CCCCN1,bad,nature toxin,алкалоид,"нейротоксичность, паралич",(2S)-2-propylpiperidine,"0,6","2,69","127,23","1,93",True,False,False,False,,,,"0,9824140667915344"
Epichlorohydrin,ClCC1CO1,bad,bad extreme,эпоксид,канцерогенность,2-(chloromethyl)oxirane,"0,34","3,45","92,53","0,62",True,True,False,True,"alkyl_halide, Three-membered_heterocycle",,"[Br,Cl,I][CX4;CH,CH2], C1[O,S,N]C1","0,9877310395240784"
ETHYLENE GLYCOL,OCCO,bad,bad extreme,растворитель,нефротоксичность ,"ethane-1,2-diol","0,41","2,28","62,07","-1,03",True,False,False,False,,,,"0,99212247133255"
FORMALDEHYDE,C=O,bad,bad extreme,альдегид,"канцерогенность, раздражение",formaldehyde,"0,36","4,04","30,03","-0,18",True,False,False,False,,,,"0,9867880344390869"
ISOPROPYL METHYLPHOSPHONOFLUORIDATE,CC(C)OP(C)(=O)F,bad,bad extreme,отравляющий газ,"нейротоксичность, паралич",2-[fluoro(methyl)phosphoryl]oxypropane,"0,55","3,9","140,09","2,2",True,True,False,True,phosphor,,"[P,S][Cl,Br,F,I]","0,9889583587646484"
METHYL ALCOHOL,CO,bad,bad extreme,спирт,"слепота, токсичность ЦНС",methanol,"0,39","2,7","32,04","-0,39",True,False,False,False,,,,"0,9790368676185608"
METHYLENE CHLORIDE,ClCCl,bad,bad extreme,дихлорметан,"раздражение дыхательных путей, поражение нервной системы",dichloromethane,"0,39","2,83","84,93","1,42",True,True,False,True,alkyl_halide,,"[Br,Cl,I][CX4;CH,CH2]","0,9833237528800964"
MUSTARD GAS,ClCCSCCCl,bad,bad extreme,отравляющий газ,ожоги кожи и слизистой,1-chloro-2-(2-chloroethylsulfanyl)ethane,"0,45","3,2","159,08","2,2",True,True,False,True,"Aliphatic_long_chain, alkyl_halide",,"[Br,Cl,I][CX4;CH,CH2]","0,9855652451515198"
NICOTINE,CN1CCC[C@H]1c1cccnc1,bad,side effects,алкалоид,токсичен при больших количествах,3-[(2S)-1-methylpyrrolidin-2-yl]pyridine,"0,63","2,5","162,24","1,85",True,False,False,False,,,,"0,9796934127807617"
O-XYLENE,Cc1ccccc1C,bad,bad extreme,реагент,гепатотоксичность ,"1,2-xylene","0,48","1,03","106,17","2,3",True,False,False,False,,,,"0,992751955986023"
ROTENONE,C=C(C)[C@H]1Cc2c(ccc3c2O[C@@H]2COc4cc(OC)c(OC)cc4[C@@H]2C3=O)O1,bad,nature toxin,природное соединение,"раздражение глаз, дерматит, онемение слизистых оболочек полости рта","(1S,6R,13S)-16,17-dimethoxy-6-prop-1-en-2-yl-2,7,20-trioxapentacyclo[11.8.0.03,11.04,8.014,19]henicosa-3(11),4(8),9,14,16,18-hexaen-12-one","0,74","3,87","394,42","3,7",True,True,False,False,isolated_alkene,,,"0,032217562198638916"
STRYCHNINE,O=C1C[C@@H]2OCC=C3CN4CC[C@]56c7ccccc7N1[C@H]5[C@H]2[C@H]3C[C@H]46,bad,nature toxin,алкалоид,нарушение работы ЦНС и дыхательной системы,"(4aR,5aS,8aR,13aS,15aS,15bR)-4a,5,5a,7,8,13a,15,15a,15b,16-decahydro-2H-4,6-methanoindolo[3,2,1-ij]oxepino[2,3,4-de]pyrrolo[2,3-h]quinolin-14-one","0,68","5,72","334,42","2,09",True,True,False,False,isolated_alkene,,,"0,007539498154073954"
THALIDOMIDE,O=C1CCC(N2C(=O)c3ccccc3C2=O)C(=O)N1,bad,bad medchem,"препарат, снятый с производства",тератогенность,"2-(2,6-dioxopiperidin-3-yl)isoindole-1,3-dione","0,72","2,6","258,23","0,09",True,True,False,True,phthalimide,,O=C1CCCC(N1)=O,"0,9812979698181152"
TOLUENE,Cc1ccccc1,bad,bad extreme,растворитель,ототоксичность,toluene,"0,46",1,"92,14",2,True,False,False,False,,,,"0,9871534705162048"
VX,CCOP(C)(=O)SCCN(C(C)C)C(C)C,bad,bad extreme,отравляющий газ,нейротоксичность,N-[2-[ethoxy(methyl)phosphoryl]sulfanylethyl]-N-propan-2-ylpropan-2-amine,"0,63","3,55","267,38","3,7",True,True,False,False,phosphor,,,"0,9611343741416931"
BENZO[DEF]CHRYSENE,c1ccc2c(c1)cc1ccc3cccc4ccc2c1c34,bad,bad extreme,реактив,канцерогенность,benzo[a]pyrene,"0,24","1,85","252,32","5,74",True,True,False,False,"Polycyclic_aromatic_hydrocarbon_2, Polycyclic_aromatic_hydrocarbon_3",,,"0,9436323046684265"
BPDE,O[C@@H]3c1cc4ccc5cccc6ccc(c1[C@H]2O[C@H]2[C@H]3O)c4c56,bad,bad extreme,результат неполного сгорания органических веществ,канцерогенность,"(3R,5S,6S,7R)-4-oxahexacyclo[11.6.2.02,8.03,5.010,20.017,21]henicosa-1(20),2(8),9,11,13(21),14,16,18-octaene-6,7-diol","0,39","3,72","302,33","3,43",True,True,False,True,"Polycyclic_aromatic_hydrocarbon_3, Three-membered_heterocycle",,"C1[O,S,N]C1","0,1938561499118805"
2-ACETYLAMINOFLUORENE,CC(=O)Nc1ccc2c(c1)Cc1ccccc1-2,bad,bad extreme,реактив,канцерогенность и мутагенность,N-(9H-fluoren-2-yl)acetamide,"0,67","1,77","223,27","3,22",True,False,False,False,,,,"0,9932947754859924"
N-Nitrosodimethylamine,CN(C)N=O,bad,bad extreme,побочный продукт производства,"канцерагенность, гепатотоксичность","N,N-dimethylnitrous amide","0,33","2,9","74,08","0,23",True,True,False,True,"N-nitroso, Oxygen-nitrogen_single_bond",,[N&D2](=O),"0,9725378751754761"
TETRODOTOXIN,NC1=N[C@H](O)[C@H]2[C@H]3O[C@]4(O)O[C@@H]([C@@H](O)[C@@]2(N1)[C@@H]4O)[C@]3(O)CO,bad,nature toxin,природный токсин,нейротоксичность,"(1R,5R,6R,7R,9S,11S,12S,13S,14S)-3-amino-14-(hydroxymethyl)-8,10-dioxa-2,4-diazatetracyclo[7.3.1.17,11.01,6]tetradec-3-ene-5,9,12,13,14-pentol","0,23","6,99","319,27","-5,52",False,False,False,False,,,,"0,009900307282805443"
SAXITOXIN,N=C1N[C@H]2[C@H](COC(N)=O)NC(=N)N3CCC(O)(O)[C@]23N1,bad,nature toxin,природный токсин,нейротоксичность,"[(3aS,4R,10aS)-2,6-diamino-10,10-dihydroxy-3a,4,8,9-tetrahydro-1H-pyrrolo[1,2-c]purin-4-yl]methyl carbamate","0,24","5,78","299,29","-3,43",True,True,False,False,"het-C-het_not_in_ring, imine_1",,,"0,17034170031547546"
Batrachotoxin,Cc1c[nH]c(C)c1C(=O)O[C@@H](C)C1=CC[C@@]23OCCN(C)C[C@@]12C[C@@H](O)[C@]12O[C@]4(O)CC[C@@]1(C)[C@H](CC=C23)C4,bad,nature toxin,природный токсин,нейро и кардиотоксичность,"[(1S)-1-[(1R,5R,6S,9R,11S,12R,14R)-9,12-dihydroxy-6,16-dimethyl-10,19-dioxa-16-azahexacyclo[12.5.3.15,9.01,14.02,11.06,11]tricosa-2,21-dien-22-yl]ethyl] 2,4-dimethyl-1H-pyrrole-3-carboxylate","0,4","7,06","538,69","3,55",True,True,False,False,isolated_alkene,,,"0,01442316547036171"
DOMOIC ACID,C/C(=C/C=C/[C@@H](C)C(=O)O)[C@H]1CN[C@H](C(=O)O)[C@H]1CC(=O)O,bad,nature toxin,природный токсин,нефротоксичность ,"(2S,3S,4S)-4-[(2Z,4E,6R)-6-carboxyhepta-2,4-dien-2-yl]-3-(carboxymethyl)pyrrolidine-2-carboxylic acid","0,52","4,4","311,33","0,97",True,True,False,False,polyene,,,"0,025773923844099045"
BMAA,CNC[C@H](N)C(=O)O,bad,nature toxin,природный токсин,нейротоксичность,(2S)-2-amino-3-(methylamino)propanoic acid,"0,43","2,83","118,14","-1,38",True,False,False,False,,,,"0,9879712462425232"
MPTP,CN1CCC(=CC1)C2=CC=CC=C2,bad,bad medchem,синтетический нейротоксин,паркинсонизм,"1-methyl-4-phenyl-3,6-dihydro-2H-pyridine","0,63","1,95","173,26","2,41",True,False,False,False,,,,"0,9852293133735657"
OXIDOPAMINE,NCCc1cc(O)c(O)cc1O,bad,bad medchem,"синтетический нейротоксин, метаболит DOPA",паркинсонизм,"5-(2-aminoethyl)benzene-1,2,4-triol","0,38","2,35","169,18","0,3",True,True,True,True,"catechol, hydroquinone",catechol_A(92),c([OH])c([OH])cc([OH]),"0,9904594421386719"
CISAPRIDE,COc1cc(N)c(Cl)cc1C(=O)NC1CCN(CCCOc2ccc(F)cc2)CC1OC,bad,bad medchem,"препарат, снятый с производства",нарушение сердечного ритма,4-amino-5-chloro-N-[1-[3-(4-fluorophenoxy)propyl]-3-methoxypiperidin-4-yl]-2-methoxybenzamide,"0,44","3,11","465,95","3,36",True,True,False,False,"Aliphatic_long_chain, aniline",,,"0,9535965919494629"
GREPAFLOXACIN,Cc1c(F)c(N2CCNC(C)C2)cc2c1c(=O)c(C(=O)O)cn2C1CC1,bad,bad medchem,антибиотик,кардиотоксичность,1-cyclopropyl-6-fluoro-5-methyl-7-(3-methylpiperazin-1-yl)-4-oxoquinoline-3-carboxylic acid,"0,88","3,25","359,4","2,28",True,False,False,False,,,,"0,990247905254364"
Methanesulfonyl chloride,CS(Cl)(=O)=O,bad,bad extreme,лакриматор,раздражение слизистых и дыхательных путей ,methanesulfonyl chloride,"0,42","2,22","114,55","0,18",True,False,False,True,,,"[S,C](=[O,S])[F,Br,Cl,I], [P,S][Cl,Br,F,I]","0,9821871519088745"
MUSCARINE,C[C@@H]1O[C@H](C[N+](C)(C)C)C[C@H]1O,bad,nature toxin,алкалоид,симптомы  отравления,"[(2S,4R,5S)-4-hydroxy-5-methyloxolan-2-yl]methyl-trimethylazanium","0,61","4,22","174,26","0,23",True,True,False,False,quaternary_nitrogen_2,,,"0,7674363851547241"
IBOTENIC ACID,NC(C(=O)O)c1cc(O)no1,bad,nature toxin,природный токсин,нейротоксичность и психоактивность,"2-amino-2-(3-oxo-1,2-oxazol-5-yl)acetic acid","0,53","3,67","158,11","-0,54",True,False,False,False,,,,"0,9545645117759705"
alpha-Amanitin,CC[C@H](C)[C@@H]1NC(=O)CNC(=O)[C@@H]2Cc3c([nH]c4cc(O)ccc34)[S+]([O-])C[C@@H](NC(=O)CNC1=O)C(=O)N[C@@H](CC(N)=O)C(=O)N1C[C@H](O)C[C@H]1C(=O)N[C@@H]([C@@H](C)[C@@H](O)CO)C(=O)N2,bad,nature toxin,природный токсин,гепато и нефротоксичность,"2-[(1S,4S,8R,10S,13S,16S,34S)-34-[(2S)-butan-2-yl]-13-[(2R,3R)-3,4-dihydroxybutan-2-yl]-8,22-dihydroxy-2,5,11,14,27,30,33,36,39-nonaoxo-27lambda4-thia-3,6,12,15,25,29,32,35,38-nonazapentacyclo[14.12.11.06,10.018,26.019,24]nonatriaconta-18(26),19(24),20,22-tetraen-4-yl]acetamide","0,12","7,25","918,98","-5,92",False,True,False,True,charged_oxygen_or_sulfur_atoms,,"[C+,Cl+,I+,P+,S+]","0,011853517033159733"
CICUTOXIN,CCC[C@@H](O)/C=C/C=C/C=C/C#CC#CCCCO,bad,nature toxin,природный токсин,"симптомы отравления, судороги","(8E,10E,12E,14R)-heptadeca-8,10,12-trien-4,6-diyne-1,14-diol","0,42","4,03","258,36","2,6",True,True,False,False,"Aliphatic_long_chain, polyene, triple_bond",,,"0,07691456377506256"
Monomethyl auristatin E,CO[C@H]([C@H](C(N[C@@H]([C@H](C1=CC=CC=C1)O)C)=O)C)[C@@]2([H])N(C(C[C@H]([C@H]([C@H](CC)C)N(C)C([C@H](C(C)C)NC([C@@H](NC)C(C)C)=O)=O)OC)=O)CCC2,bad,bad medchem,противоопухолевое средство,периферическая нейропатия,"(2S)-N-[(2S)-1-[[(3R,4S,5S)-1-[(2S)-2-[(1R,2R)-3-[[(1S,2R)-1-hydroxy-1-phenylpropan-2-yl]amino]-1-methoxy-2-methyl-3-oxopropyl]pyrrolidin-1-yl]-3-methoxy-5-methyl-1-oxoheptan-4-yl]-methylamino]-3-methyl-1-oxobutan-2-yl]-3-methyl-2-(methylamino)butanamide","0,16","4,98","717,99","3,53",True,False,False,False,,,,"0,009358122944831848"
Adamsite,Cl[As]2c1ccccc1Nc3c2cccc3,bad,bad extreme,отравляющий газ,раздражение слизистых и дыхательных путей ,10-chloro-5H-phenarsazinine,"0,73","3,4","277,59","2,09",True,True,False,False,heavy_metal,,,"0,7850661873817444"
PHENACYL CHLORIDE,O=C(CCl)c1ccccc1,bad,bad extreme,лакриматор,раздражение слизистых и дыхательных путей ,2-chloro-1-phenylethanone,"0,47","1,56","154,6","2,11",True,True,False,True,alkyl_halide,,"[Br,Cl,I][CX4;CH,CH2]","0,9937735795974731"
Diphenylcyanoarsine,C1=CC=C(C=C1)[As](C#N)C2=CC=CC=C2,bad,bad extreme,отравляющий газ,раздражение слизистых и дыхательных путей ,diphenylarsanylformonitrile,"0,74",3,"255,15","1,36",True,True,False,False,heavy_metal,,,"0,9813945293426514"
А-230,CCN(CC)C(C)=N[P](C)(F)=O,bad,bad extreme,"нейропаралитик, Новичок",нейротоксичность,"N,N-diethyl-N'-[fluoro(methyl)phosphoryl]ethanimidamide","0,39","3,98","194,19","2,54",True,True,False,True,"imine_1, imine_2, phosphor",,"[P,S][Cl,Br,F,I]","0,8991983532905579"
CHLOROPICRIN,O=[N+]([O-])C(Cl)(Cl)Cl,bad,bad extreme,отравляющий газ,раздражение слизистых и дыхательных путей ,trichloro(nitro)methane,"0,24","3,4","164,38","1,59",True,True,False,False,"alkyl_halide, N-C-halo, nitro_group, Oxygen-nitrogen_single_bond",,,"0,5402677059173584"
"4,4'-METHYLENEDIANILINE",Nc1ccc(Cc2ccc(N)cc2)cc1,bad,bad extreme,промышленное химическое вещество,канцерогенность ,4-[(4-aminophenyl)methyl]aniline,"0,73","1,59","198,27","2,44",True,True,True,False,aniline,"anil_no_alk(40), anil_di_alk_F(14)",,"0,9802137017250061"
ANILINE,Nc1ccccc1,bad,bad extreme,реактив,канцерогенность ,aniline,"0,48","1,26","93,13","1,27",True,True,False,False,aniline,,,"0,9896804690361023"
DIMETHYLFORMAMIDE,CN(C)C=O,bad,bad extreme,растворитель,гепатотоксичность ,"N,N-dimethylformamide","0,39","2,66","73,09","-0,3",True,True,False,False,aldehyde,,,"0,9818733930587769"
ACETONITRILE,CC#N,bad,bad extreme,растворитель,цианоподобная токсичность,acetonitrile,"0,39","3,36","41,05","0,53",True,False,False,False,,,,"0,9741166830062866"
PROPIONITRILE,CCC#N,bad,bad extreme,растворитель,цианоподобная токсичность,propanenitrile,"0,4","2,7","55,08","0,92",True,False,False,False,,,,"0,9922246932983398"
PHENOL,c1ccc(O)cc1,bad,bad extreme,коррозионный яд,повреждает белки,phenol,"0,51","1,18","94,11","1,39",True,False,False,False,,,,"0,9871482253074646"
CRESOL,Cc1ccc(O)cc1,bad,bad extreme,производственное соединение,гепато и нейротоксичность,4-methylphenol,"0,54","1,26","108,14","1,7",True,False,False,False,,,,"0,9916428327560425"
RESORCINOL,Oc1ccc(O)cc1,bad,bad extreme,"антисептическое средство, производное фенола",системная токсичность,"benzene-1,4-diol","0,49","1,53","110,11","1,1",True,True,False,False,hydroquinone,,,"0,9702439308166504"
HYDROQUINONE,Oc1ccc(O)cc1,bad,bad extreme,прооксидант,повреждение клеток,"benzene-1,4-diol","0,49","1,53","110,11","1,1",True,True,False,False,hydroquinone,,,"0,9702439308166504"
BENZOQUINONE,O=C1C=CC(=O)C=C1,bad,bad extreme,реактивный электрофил,раздражение слизистых и дыхательных путей ,"cyclohexa-2,5-diene-1,4-dione","0,42","2,35","108,1","0,25",True,True,True,True,chinone_1,quinone_A(370),O=C1[#6]~[#6]C(=O)[#6]~[#6]1,"0,9411692023277283"
STYRENE,C=CCc1ccccc1,bad,bad extreme,производственное соединение,"нейротоксичность, возможная канцерогенность",prop-2-enylbenzene,"0,52","1,57","118,18","2,42",True,True,False,False,isolated_alkene,,,"0,9864603281021118"
VINYL CHLORIDE,C=CCl,bad,bad extreme,газ,сильный канцероген (печень),chloroethene,"0,4","3,71","62,5","1,37",True,False,False,False,,,,"0,9692671895027161"
ALLYL ALCOHOL,C=CCO,bad,bad extreme,спирт,гепатотоксичность,prop-2-en-1-ol,"0,43","2,84","58,08","0,16",True,True,False,False,isolated_alkene,,,"0,9785828590393066"
ACETALDEHYDE,CC=O,bad,bad extreme,токсичный метаболит алкоголя,"кардиотоксичность, канцерогенность",acetaldehyde,"0,36","3,04","44,05","0,21",True,True,False,False,aldehyde,,,"0,9716551899909973"
PROPANAL,CCC=O,bad,bad extreme,реактивный альдегид,"раздражение, токсичность",propanal,"0,4","2,63","58,08","0,6",True,True,False,False,aldehyde,,,"0,983782947063446"
BUTANAL,CCCC=O,bad,bad extreme,реактивный альдегид,"раздражение, угнетение ЦНС",butanal,"0,44","2,73","72,11","0,99",True,True,False,False,aldehyde,,,"0,9837612509727478"
GLYOXAL,O=CC=O,bad,bad extreme,реактивный диальдегид,раздражение дыхательных путей ,oxaldehyde,"0,3","3,18","58,04","-0,62",True,True,False,False,"aldehyde, diketo_group",,,"0,9719769358634949"
METHYLGLYOXAL,CC(=O)C=O,bad,bad extreme,реактивный альдегид,гликация белков,2-oxopropanal,"0,32","2,57","72,06","-0,23",True,True,False,False,"aldehyde, diketo_group",,,"0,8889294862747192"
ETHYLENE OXIDE,C1CO1,bad,bad extreme,алкиллирующий агент,"мутагенность, канцерогенность",oxirane,"0,35","1,81","44,05","0,02",True,True,False,True,Three-membered_heterocycle,,"C1[O,S,N]C1","0,9727975130081177"
PROPYLENE OXIDE,CC1CO1,bad,bad extreme,алкиллирующий агент,канцерогенность,2-methyloxirane,"0,37","2,43","58,08","0,41",True,True,False,True,Three-membered_heterocycle,,"C1[O,S,N]C1","0,959257960319519"
DIMETHYL SULFATE,COS(=O)(=O)OC,bad,bad extreme,сильный алкилирующий агент,раздражение слизистых и дыхательных путей ,dimethyl sulfate,"0,5",3,"126,13","-0,48",True,False,False,True,,,"COS(=O)O[C,c]","0,9506428241729736"
DIETHYL SULFATE,CCOS(=O)(=O)OCC,bad,bad extreme,токсичный алкилирующий агент,раздражение слизистых и дыхательных путей ,diethyl sulfate,"0,58","2,88","154,19","0,3",True,False,False,True,,,"COS(=O)O[C,c]","0,9606395363807678"
PHOSGENE,O=C(Cl)Cl,bad,bad extreme,отравляющий газ,повреждает легкие,carbonyl dichloride,"0,42","2,37","98,92","1,58",True,True,False,True,acid_halide,,"[S,C](=[O,S])[F,Br,Cl,I]","0,9889978766441345"
DIPHOSGENE,O=C(OC(Cl)Cl)Cl,bad,bad extreme,отравляющий газ,повреждает легкие,dichloromethyl carbonochloridate,"0,44","3,61","163,39","2,12",True,True,False,True,"acid_halide, alkyl_halide",,"[Br,Cl,I][CX4;CH,CH2], [S,C](=[O,S])[F,Br,Cl,I]","0,9894862174987793"
NITROBENZENE,O=[N+]([O-])c1ccccc1,bad,bad extreme,производственное соединение,метгемоглобинемия,nitrobenzene,"0,42","1,32","123,11","1,59",True,True,False,False,"nitro_group, Oxygen-nitrogen_single_bond",,,"0,9861017465591431"
DINITROBENZENE,O=[N+]([O-])c1ccc([N+](=O)[O-])cc1,bad,bad extreme,производственное соединение,гемотоксичность,"1,4-dinitrobenzene","0,49","1,69","168,11","1,5",True,True,False,False,"nitro_group, Oxygen-nitrogen_single_bond",,,"0,9789851903915405"
TRINITROTOLUENE,Cc1c([N+](=O)[O-])cc([N+](=O)[O-])cc1[N+](=O)[O-],bad,bad extreme,взрывчатое вещество,"токсичность, метгемоглобинемия","2-methyl-1,3,5-trinitrobenzene","0,57","2,27","227,13","1,72",True,True,False,False,"nitro_group, Oxygen-nitrogen_single_bond",,,"0,9021540284156799"
PARATHION,CCOP(=S)(OCC)Oc1ccc([N+](=O)[O-])cc1,bad,bad extreme,органофосфатный инсектицид,симптомы отравления ,diethoxy-(4-nitrophenoxy)-sulfanylidene-lambda5-phosphane,"0,44","2,5","291,26","3,27",True,True,False,False,"nitro_group, Oxygen-nitrogen_single_bond, phosphor",,,"0,99172043800354"
MALATHION,CCOC(=O)CC(SP(=S)(OC)OC)C(=O)OCC,bad,bad extreme,органофосфатный инсектицид,"нейротоксичность, паралич",diethyl 2-dimethoxyphosphinothioylsulfanylbutanedioate,"0,47","3,41","330,36","2,12",True,True,False,False,phosphor,,,"0,8619160056114197"
CHLORPYRIFOS,CCOP(=S)(OCC)Oc1nc(Cl)c(Cl)cc1Cl,bad,bad extreme,органофосфатный пестицид,"симптомы отравления, судороги","diethoxy-sulfanylidene-[(3,5,6-trichloro-2-pyridinyl)oxy]-lambda5-phosphane","0,55","3,11","350,59","4,72",True,True,False,False,"2-halo_pyridine, phosphor",,,"0,9583446383476257"
CARBARYL,CNC(=O)Oc1cccc2ccccc12,bad,bad extreme,инстектицид,нейротоксичность,naphthalen-1-yl N-methylcarbamate,"0,77","1,74","201,22","2,56",True,False,False,False,,,,"0,9942919015884399"
ALDICARB,CNC(=O)O/N=C/C(C)(C)SC,bad,bad extreme,инстектицид,симптомы отравления ,[(E)-(2-methyl-2-methylsulfanylpropylidene)amino] N-methylcarbamate,"0,42","3,56","190,27","1,47",True,True,False,False,"imine_1, oxime_2, Oxygen-nitrogen_single_bond",,,"0,9043161869049072"
CHLOROPHENOTHANE,Clc1ccc(C(c2ccc(Cl)cc2)C(Cl)(Cl)Cl)cc1,bad,bad extreme,инсектицид,"биоаккумуляция, нейротоксичность","1-chloro-4-[2,2,2-trichloro-1-(4-chlorophenyl)ethyl]benzene","0,54","2,09","354,49","6,5",True,True,False,False,alkyl_halide,,,"0,9677329063415527"
LINDANE,Cl[C@H]1[C@H](Cl)[C@@H](Cl)[C@@H](Cl)[C@H](Cl)[C@H]1Cl,bad,bad extreme,пестицид,нейротоксичность,"1,2,3,4,5,6-hexachlorocyclohexane","0,6","3,62","290,83","3,64",True,True,False,True,alkyl_halide,,"[Br,Cl,I][CX4;CH,CH2]","0,8409658074378967"
PERCHLOROBENZENE,Clc1c(Cl)c(Cl)c(Cl)c(Cl)c1Cl,bad,bad extreme,пестицид,персистентный токсин,"1,2,3,4,5,6-hexachlorobenzene","0,43","1,73","284,78","5,61",True,True,False,False,"halogenated_ring_1, halogenated_ring_2",,,"0,9766600131988525"
PENTACHLOROPHENOL,Oc1c(Cl)c(Cl)c(Cl)c(Cl)c1Cl,bad,bad extreme,пестицид,системная токсичность,"2,3,4,5,6-pentachlorophenol","0,53","2,37","266,34","4,66",True,True,False,False,"halogenated_ring_1, halogenated_ring_2",,,"0,985114574432373"
TETRACHLOROETHYLENE,Cl/C(Cl)=C(/Cl)Cl,bad,bad extreme,растворитель,гепатотоксичность,"1,1,2,2-tetrachloroethene","0,52","3,23","165,83","3,07",True,False,False,False,,,,"0,9386562705039978"
TRICHLOROETHYLENE,ClC=C(Cl)Cl,bad,bad extreme,растворитель,канцерогенность,"1,1,2-trichloroethene","0,47","3,64","131,39","2,5",True,False,False,False,,,,"0,8120260238647461"
DIETHYL ETHER,CCOCC,bad,bad extreme,эфир,"наркотический эффект, токсичность при вдыхании",ethoxyethane,"0,48","1,91","74,12","1,04",True,False,False,False,,,,"0,9904988408088684"
TETRAHYDROFURAN,C1CCOC1,bad,bad extreme,растворитель,токсичность при экспозиции,oxolane,"0,41","2,03","72,11","0,8",True,False,False,False,,,,"0,9643678665161133"
FORMAMIDE,NC=O,bad,bad extreme,растворитель,репротоксичность,formamide,"0,35","3,55","45,04","-0,9",True,True,False,False,aldehyde,,,"0,976934552192688"
ACETAMIDE,CC(=O)N,bad,bad extreme,производственное соединение,возможная канцерогенность,acetamide,"0,4","1,83","59,07","-0,51",True,False,False,False,,,,"0,9929447770118713"
URETHANE,CCOC(N)=O,bad,bad extreme,эфир,канцерогенность,ethyl carbamate,"0,5","2,17","89,09","0,1",True,False,False,False,,,,"0,9934616088867188"
FENFLURAMINE,CCNC(C)Cc1cccc(C(F)(F)F)c1,bad,bad medchem,"препарат, снятый с производства",кардиотоксичность,N-ethyl-1-[3-(trifluoromethyl)phenyl]propan-2-amine,"0,84","2,36","231,26","3,25",True,False,False,False,,,,"0,9957430958747864"
TROGLITAZONE,Cc1c(C)c2c(c(C)c1O)CCC(C)(COc1ccc(CC3SC(=O)NC3=O)cc1)O2,bad,bad medchem,"препарат, снятый с производства",гепатотоксичность,"5-[[4-[(6-hydroxy-2,5,7,8-tetramethyl-3,4-dihydrochromen-2-yl)methoxy]phenyl]methyl]-1,3-thiazolidine-2,4-dione","0,72","3,59","441,55","4,37",True,True,False,False,thioester,,,"0,3045923709869385"
CERIVASTATIN,COCc1c(C(C)C)nc(C(C)C)c(/C=C/[C@@H](O)C[C@@H](O)CC(=O)O)c1-c1ccc(F)cc1,bad,bad medchem,"препарат, снятый с производства",рабдомиолиз,"(E,3R,5S)-7-[4-(4-fluorophenyl)-5-(methoxymethyl)-2,6-di(propan-2-yl)-3-pyridinyl]-3,5-dihydroxyhept-6-enoic acid","0,44","3,58","459,56","4,88",True,False,False,False,,,,"0,44568291306495667"
BENFLUOREX,CC(Cc1cccc(C(F)(F)F)c1)NCCOC(=O)c1ccccc1,bad,bad medchem,"препарат, снятый с производства",кардиотоксичность,2-[1-[3-(trifluoromethyl)phenyl]propan-2-ylamino]ethyl benzoate,"0,6","2,42","351,37","4,08",True,True,False,False,Aliphatic_long_chain,,,"0,9967737793922424"
ACETAMINOPHEN,CC(=O)Nc1ccc(O)cc1,good,good,парацетамол,,N-(4-hydroxyphenyl)acetamide,"0,6","1,41","151,16","1,35",True,True,False,False,hydroquinone,,,"0,9950312376022339"
ACETYLCYSTEINE,CC(=O)N[C@@H](CS)C(=O)O,good,good,муколитическое средство,,(2R)-2-acetamido-3-sulfanylpropanoic acid,"0,49","2,55","163,2","-0,49",True,True,False,True,thiol_2,,[SH],"0,9892709255218506"
ADEMETIONINE,C[S+](CC[C@H](N)C(=O)[O-])C[C@H]1O[C@@H](n2cnc3c(N)ncnc32)[C@H](O)[C@@H]1O,good,good,гепатопротектор,,"(2S)-2-amino-4-[[(2S,3S,4R,5R)-5-(6-aminopurin-9-yl)-3,4-dihydroxyoxolan-2-yl]methyl-methylsulfonio]butanoate","0,34","4,76","398,45","-3,26",True,True,False,True,charged_oxygen_or_sulfur_atoms,,"[C+,Cl+,I+,P+,S+]","0,039686717092990875"
AMANTADINE,NC12CC3CC(CC(C3)C1)C2,good,good,противопаркинсонический препарат,,adamantan-1-amine,"0,56","3,9","151,25","1,91",True,False,False,False,,,,"0,9812471270561218"
AMBAZONE,N=C(N)NN=C1C=CC(=NNC(N)=S)C=C1,good,good,антисептическое средство,,[4-[2-(diaminomethylidene)hydrazinyl]phenyl]iminothiourea,"0,14","3,7","237,29","-0,86",True,True,True,False,"chinone_1, imine_1, imine_2, Oxygen-nitrogen_single_bond, Thiocarbonyl_group",quinone_A(370),,"0,2589191794395447"
AMOXICILLIN,CC1(C)S[C@@H]2[C@H](NC(=O)[C@H](N)c3ccc(O)cc3)C(=O)N2[C@H]1C(=O)O,good,good,"антибиотик, амоксицилин",,"(2S,5R,6R)-6-[[(2R)-2-amino-2-(4-hydroxyphenyl)acetyl]amino]-3,3-dimethyl-7-oxo-4-thia-1-azabicyclo[3.2.0]heptane-2-carboxylic acid","0,55","3,66","365,41","0,02",True,False,False,True,,,N1CCC1=O,"0,7008672952651978"
ASPIRIN,CC(=O)Oc1ccccc1C(=O)O,good,good,аспирин,,2-acetyloxybenzoic acid,"0,55","1,58","180,16","1,31",True,True,False,False,phenol_ester,,,"0,9941699504852295"
ATORVASTATIN,CC(C)c1c(C(=O)Nc2ccccc2)c(-c2ccccc2)c(-c2ccc(F)cc2)n1CC[C@@H](O)C[C@@H](O)CC(=O)O,good,good,синтетический аналог ловастатина,,"(3R,5R)-7-[2-(4-fluorophenyl)-3-phenyl-4-(phenylcarbamoyl)-5-propan-2-ylpyrrol-1-yl]-3,5-dihydroxyheptanoic acid","0,16","3,31","558,65","6,31",False,False,False,False,,,,"0,8755382299423218"
AZATHIOPRINE,Cn1cnc([N+](=O)[O-])c1Sc1ncnc2[nH]cnc12,good,good,иммунодепрессант,,6-(3-methyl-5-nitroimidazol-4-yl)sulfanyl-7H-purine,"0,43","3,28","277,27","1,15",True,True,False,False,"nitro_group, Oxygen-nitrogen_single_bond",,,"0,9799699187278748"
BUDESONIDE,CCCC1O[C@@H]2C[C@H]3[C@@H]4CCC5=CC(=O)C=C[C@]5(C)[C@H]4[C@@H](O)C[C@]3(C)[C@]2(C(=O)CO)O1,good,good,глюкокортикоид,,"(1S,2S,4R,8S,9S,11S,12S,13R)-11-hydroxy-8-(2-hydroxyacetyl)-9,13-dimethyl-6-propyl-5,7-dioxapentacyclo[10.8.0.02,9.04,8.013,18]icosa-14,17-dien-16-one","0,71","4,87","430,54","2,72",True,False,False,False,,,,"0,08389656245708466"
CETIRIZINE,O=C(O)COCCN1CCN(C(c2ccccc2)c2ccc(Cl)cc2)CC1,good,good,антигистаминное,,2-[2-[4-[(4-chlorophenyl)-phenylmethyl]piperazin-1-yl]ethoxy]acetic acid,"0,7","2,48","388,9","3,15",True,True,False,False,Aliphatic_long_chain,,,"0,9958542585372925"
CHLOROPYRAMINE,CN(C)CCN(Cc1ccc(Cl)cc1)c1ccccn1,good,good,антигистаминное,,"N'-[(4-chlorophenyl)methyl]-N,N-dimethyl-N'-pyridin-2-ylethane-1,2-diamine","0,81","2,03","289,81","3,3",True,False,False,False,,,,"0,9939035773277283"
CHLOROQUINE,CCN(CC)CCCC(C)Nc1ccnc2cc(Cl)ccc12,good,good,противопаразитарный препарат для лечения малярии,,"4-N-(7-chloroquinolin-4-yl)-1-N,1-N-diethylpentane-1,4-diamine","0,76","2,67","319,88","4,81",True,False,False,False,,,,"0,9909065961837769"
CIPROFLOXACIN,O=C(O)c1cn(C2CC2)c2cc(N3CCNCC3)c(F)cc2c1=O,good,good,противомикробный препарат,,1-cyclopropyl-6-fluoro-4-oxo-7-piperazin-1-ylquinoline-3-carboxylic acid,"0,89","2,47","331,35","1,58",True,False,False,False,,,,"0,9910705089569092"
CLOPIDOGREL,COC(=O)[C@H](c1ccccc1Cl)N1CCc2sccc2C1,good,good,препятствует образованию тромбов,,"methyl (2S)-2-(2-chlorophenyl)-2-(6,7-dihydro-4H-thieno[3,2-c]pyridin-5-yl)acetate","0,81","2,78","321,83","3,67",True,False,False,False,,,,"0,9913350939750671"
DARUNAVIR,CC(C)CN(C[C@@H](O)[C@H](Cc1ccccc1)NC(=O)O[C@H]1CO[C@H]2OCC[C@H]21)S(=O)(=O)c1ccc(N)cc1,good,good,противовирусное,,"[(3aS,4R,6aR)-2,3,3a,4,5,6a-hexahydrofuro[2,3-b]furan-4-yl] N-[(2S,3R)-4-[(4-aminophenyl)sulfonyl-(2-methylpropyl)amino]-3-hydroxy-1-phenylbutan-2-yl]carbamate","0,36","3,97","547,67","2,38",True,True,False,False,aniline,,,"0,4000711441040039"
DEFERASIROX,O=C(O)c1ccc(-n2nc(-c3ccccc3O)nc2-c2ccccc2O)cc1,good,good,железосвязывающие средства,,"4-[3,5-bis(2-hydroxyphenyl)-1,2,4-triazol-1-yl]benzoic acid","0,5","2,26","373,37","3,71",True,False,False,False,,,,"0,8226427435874939"
DEXAMETHASONE,C[C@@H]1C[C@H]2[C@@H]3CCC4=CC(=O)C=C[C@]4(C)[C@@]3(F)[C@@H](O)C[C@]2(C)[C@@]1(O)C(=O)CO,good,good,глюкокортикостероид,,"(8S,9R,10S,11S,13S,14S,16R,17R)-9-fluoro-11,17-dihydroxy-17-(2-hydroxyacetyl)-10,13,16-trimethyl-6,7,8,11,12,14,15,16-octahydrocyclopenta[a]phenanthren-3-one","0,67","4,64","392,47","1,9",True,False,False,False,,,,"0,019158240407705307"
DIGOXIN,C[C@H]1O[C@@H](O[C@H]2[C@@H](O)C[C@H](O[C@H]3[C@@H](O)C[C@H](O[C@H]4CC[C@@]5(C)[C@H](CC[C@@H]6[C@@H]5C[C@@H](O)[C@]5(C)[C@@H](C7=CC(=O)OC7)CC[C@]65O)C4)O[C@@H]3C)O[C@@H]2C)C[C@H](O)[C@@H]1O,good,good,сердечный гликозид,,"3-[(3S,5R,8R,9S,10S,12R,13S,14S,17R)-3-[(2R,4S,5S,6R)-5-[(2S,4S,5S,6R)-5-[(2S,4S,5S,6R)-4,5-dihydroxy-6-methyloxan-2-yl]oxy-4-hydroxy-6-methyloxan-2-yl]oxy-4-hydroxy-6-methyloxan-2-yl]oxy-12,14-dihydroxy-10,13-dimethyl-1,2,3,4,5,6,7,8,9,11,12,15,16,17-tetradecahydrocyclopenta[a]phenanthren-17-yl]-2H-furan-5-one","0,16","6,12","780,95","2,22",False,True,False,True,saponine_derivative,,O1CCCCC1OC2CCC3CCCCC3C2,"0,0009583118953742087"
DONEPEZIL,COc1cc2c(cc1OC)C(=O)C(CC1CCN(Cc3ccccc3)CC1)C2,good,good,лечение деменции альцгеймеровского типа,,"2-[(1-benzylpiperidin-4-yl)methyl]-5,6-dimethoxy-2,3-dihydroinden-1-one","0,75","2,68","379,5","4,36",True,False,False,False,,,,"0,9473927021026611"
DROTAVERINE,CCOc1ccc(/C=C2\NCCc3cc(OCC)c(OCC)cc32)cc1OCC,good,good,спазмолитическое средство,,"(1Z)-1-[(3,4-diethoxyphenyl)methylidene]-6,7-diethoxy-3,4-dihydro-2H-isoquinoline","0,65","2,43","397,52","4,93",True,True,False,False,stilbene,,,"0,7821334600448608"
EFAVIRENZ,O=C1Nc2ccc(Cl)cc2[C@@](C#CC2CC2)(C(F)(F)F)O1,good,good,противовирусное,,"(4S)-6-chloro-4-(2-cyclopropylethynyl)-4-(trifluoromethyl)-1H-3,1-benzoxazin-2-one","0,73","3,57","315,68","4,07",True,True,False,False,triple_bond,,,"0,8945797681808472"
ESCITALOPRAM,CN(C)CCC[C@@]1(c2ccc(F)cc2)OCc2cc(C#N)ccc21,good,good,антидепрессант,,(1S)-1-[3-(dimethylamino)propyl]-1-(4-fluorophenyl)-3H-2-benzofuran-5-carbonitrile,"0,84","3,1","324,4","3,81",True,False,False,False,,,,"0,9693166613578796"
ETRAVIRINE,Cc1cc(C#N)cc(C)c1Oc1nc(Nc2ccc(C#N)cc2)nc(N)c1Br,good,good,противовирусное,,"4-[6-amino-5-bromo-2-(4-cyanoanilino)pyrimidin-4-yl]oxy-3,5-dimethylbenzonitrile","0,61","2,7","435,29","4,72",True,False,False,False,,,,"0,9194525480270386"
FAMCICLOVIR,CC(=O)OCC(CCn1cnc2cnc(N)nc21)COC(C)=O,good,good,противовирусное,,[2-(acetyloxymethyl)-4-(2-aminopurin-9-yl)butyl] acetate,"0,73","2,81","321,34","0,54",True,False,False,False,,,,"0,9633504152297974"
FLUCONAZOLE,OC(Cn1cncn1)(Cn1cncn1)c1ccc(F)cc1F,good,good,противогрибковое средство,,"2-(2,4-difluorophenyl)-1,3-bis(1,2,4-triazol-1-yl)propan-2-ol","0,75","2,77","306,28","0,74",True,False,False,False,,,,"0,9947274327278137"
FLUOXETINE,CNCCC(Oc1ccc(C(F)(F)F)cc1)c1ccccc1,good,good,антидепрессант,,N-methyl-3-phenyl-3-[4-(trifluoromethyl)phenoxy]propan-1-amine,"0,85","2,45","309,33","4,44",True,False,False,False,,,,"0,9915395379066467"
FLUTICASONE,C[C@@H]1C[C@H]2[C@@H]3C[C@H](F)C4=CC(=O)C=C[C@]4(C)[C@@]3(F)[C@@H](O)C[C@]2(C)[C@@]1(O)C(=O)SCF,good,good,глюкокортикоид,,"S-(fluoromethyl) (6S,8S,9R,10S,11S,13S,14S,16R,17R)-6,9-difluoro-11,17-dihydroxy-10,13,16-trimethyl-3-oxo-6,7,8,11,12,14,15,16-octahydrocyclopenta[a]phenanthrene-17-carbothioate","0,68","5,08","444,52","3,47",True,True,False,False,thioester,,,"0,005260879639536142"
FORMOTEROL,COc1ccc(CC(C)NCC(O)c2ccc(O)c(NC=O)c2)cc1,good,good,бронходилатирующее средство,,N-[2-hydroxy-5-[1-hydroxy-2-[1-(4-methoxyphenyl)propan-2-ylamino]ethyl]phenyl]formamide,"0,41","3,01","344,41","2,22",True,True,False,False,"aldehyde, catechol",,,"0,8899551630020142"
FRAMYCETIN,NC[C@@H]1O[C@H](O[C@H]2[C@@H](O)[C@H](O[C@@H]3[C@@H](O)[C@H](N)C[C@H](N)[C@H]3O[C@H]3O[C@H](CN)[C@@H](O)[C@H](O)[C@H]3N)O[C@@H]2CO)[C@H](N)[C@@H](O)[C@@H]1O,good,good,антибиотик,,"(2R,3S,4R,5R,6R)-5-amino-2-(aminomethyl)-6-[(1R,2R,3S,4R,6S)-4,6-diamino-2-[(2S,3R,4S,5R)-4-[(2R,3R,4R,5S,6S)-3-amino-6-(aminomethyl)-4,5-dihydroxyoxan-2-yl]oxy-3-hydroxy-5-(hydroxymethyl)oxolan-2-yl]oxy-3-hydroxycyclohexyl]oxyoxane-3,4-diol","0,11","5,54","614,65","-8,9",False,False,False,False,,,,"0,08824557811021805"
FUROSEMIDE,NS(=O)(=O)c1cc(C(=O)O)c(NCc2ccco2)cc1Cl,good,good,мочегонный препарат,,4-chloro-2-(furan-2-ylmethylamino)-5-sulfamoylbenzoic acid,"0,77","2,28","330,75","1,89",True,False,False,False,,,,"0,9974825978279114"
GALANTAMINE,COc1ccc2c3c1O[C@H]1C[C@@H](O)C=C[C@@]31CCN(C)C2,good,good,ингибитор холинэстеразы,,"(1S,12S,14R)-9-methoxy-4-methyl-11-oxa-4-azatetracyclo[8.6.1.01,12.06,17]heptadeca-6(17),7,9,15-tetraen-14-ol","0,8","4,23","287,36","1,85",True,True,False,False,isolated_alkene,,,"0,07746212929487228"
GLIPIZIDE,Cc1cnc(C(=O)NCCc2ccc(S(=O)(=O)NC(=O)NC3CCCCC3)cc2)cn1,good,good,гипогликемическое средство,,N-[2-[4-(cyclohexylcarbamoylsulfamoyl)phenyl]ethyl]-5-methylpyrazine-2-carboxamide,"0,6","2,34","445,55","2,08",True,False,False,False,,,,"0,9963690042495728"
GLYCINE,NCC(=O)O,good,good,центральный нейромедиатор тормозного типа действия,,2-aminoacetic acid,"0,42","2,05","75,07","-0,97",True,False,False,False,,,,"0,993016242980957"
HEXETIDINE,CCCCC(CC)CN1CN(CC(CC)CCCC)CC(C)(N)C1,good,good,антисептическое средство,,"1,3-bis(2-ethylhexyl)-5-methyl-1,3-diazinan-5-amine","0,56","3,69","339,61","4,71",True,False,False,False,,,,"0,14110936224460602"
HYDROCHLOROTHIAZIDE,NS(=O)(=O)c1cc2c(cc1Cl)NCNS2(=O)=O,good,good,тиазидный диуретик,,"6-chloro-1,1-dioxo-3,4-dihydro-2H-1lambda6,2,4-benzothiadiazine-7-sulfonamide","0,65","3,21","297,75","-0,35",True,False,False,False,,,,"0,9448708891868591"
HYDROCORTISONE,C[C@]12CCC(=O)C=C1CC[C@@H]1[C@@H]2[C@@H](O)C[C@@]2(C)[C@H]1CC[C@]2(O)C(=O)CO,good,good,глюкокорстероидный препарат,,"(8S,9S,10R,11S,13S,14S,17R)-11,17-dihydroxy-17-(2-hydroxyacetyl)-10,13-dimethyl-2,6,7,8,9,11,12,14,15,16-decahydro-1H-cyclopenta[a]phenanthren-3-one","0,7","4,35","362,47","1,78",True,False,False,False,,,,"0,9512321352958679"
IBUPROFEN,CC(C)Cc1ccc(C(C)C(=O)O)cc1,good,good,ибупрофен,,2-[4-(2-methylpropyl)phenyl]propanoic acid,"0,82","2,19","206,28","3,07",True,False,False,False,,,,"0,9899623990058899"
LAMIVUDINE,Nc1ccn([C@@H]2CS[C@H](CO)O2)c(=O)n1,good,good,противовирусное,,"4-amino-1-[(2R,5S)-2-(hydroxymethyl)-1,3-oxathiolan-5-yl]pyrimidin-2-one","0,7","3,81","229,26","-0,59",True,False,False,False,,,,"0,8076348304748535"
LANSOPRAZOLE,Cc1c(OCC(F)(F)F)ccnc1C[S+]([O-])c1nc2ccccc2[nH]1,good,good,противоязвенное средство,,"2-[[3-methyl-4-(2,2,2-trifluoroethoxy)-2-pyridinyl]methylsulfinyl]-1H-benzimidazole","0,7","3,74","369,37","3,52",True,True,False,True,charged_oxygen_or_sulfur_atoms,,"[C+,Cl+,I+,P+,S+]","0,9810016751289368"
LEDIPASVIR,COC(=O)N[C@H](C(=O)N1CC2(CC2)C[C@H]1c1nc(-c2ccc3c(c2)C(F)(F)c2cc(-c4ccc5[nH]c([C@@H]6[C@H]7CC[C@H](C7)N6C(=O)[C@@H](NC(=O)OC)C(C)C)nc5c4)ccc2-3)c[nH]1)C(C)C,good,good,препарат для лечения гепатита С,,"methyl N-[(2S)-1-[(6S)-6-[5-[9,9-difluoro-7-[2-[(1R,3S,4S)-2-[(2S)-2-(methoxycarbonylamino)-3-methylbutanoyl]-2-azabicyclo[2.2.1]heptan-3-yl]-3H-benzimidazol-5-yl]fluoren-2-yl]-1H-imidazol-2-yl]-5-azaspiro[2.4]heptan-5-yl]-3-methyl-1-oxobutan-2-yl]carbamate","0,11","6,44","889,02","8,61",False,False,False,False,,,,"0,09520607441663742"
LEFLUNOMIDE,Cc1oncc1C(=O)Nc1ccc(C(F)(F)F)cc1,good,good,противоревматический препарат,,"5-methyl-N-[4-(trifluoromethyl)phenyl]-1,2-oxazole-4-carboxamide","0,91","2,08","270,21","3,25",True,False,False,False,,,,"0,9990370273590088"
LEVOFLOXACIN,C[C@H]1COc2c(N3CCN(C)CC3)c(F)cc3c(=O)c(C(=O)O)cn1c23.C[C@H]1COc2c(N3CCN(C)CC3)c(F)cc3c(=O)c(C(=O)O)cn1c23.O,good,good,антибактериальный препарат,,"bis((2S)-7-fluoro-2-methyl-6-(4-methylpiperazin-1-yl)-10-oxo-4-oxa-1-azatricyclo[7.3.1.05,13]trideca-5(13),6,8,11-tetraene-11-carboxylic acid)","0,31","4,25","740,76","2,26",True,False,False,False,,,,"0,8278045058250427"
LEVOTHYROXINE,N[C@@H](Cc1cc(I)c(Oc2cc(I)c(O)c(I)c2)c(I)c1)C(=O)O,good,good,препарат гормонов щитовидной железы,,"(2S)-2-amino-3-[4-(4-hydroxy-3,5-diiodophenoxy)-3,5-diiodophenyl]propanoic acid","0,39","3,37","776,87","4,56",True,True,False,False,iodine,,,"0,7928650379180908"
LIDOCAINE,CCN(CC)CC(=O)Nc1c(C)cccc1C,good,good,обезбол,,"2-(diethylamino)-N-(2,6-dimethylphenyl)acetamide","0,85","1,81","234,34","2,58",True,False,False,False,,,,"0,9980854988098145"
LISINOPRIL,NCCCC[C@H](N[C@@H](CCc1ccccc1)C(=O)O)C(=O)N1CCC[C@H]1C(=O)O.O.O,good,good,ингибитор ангиотензинпревращающего фермента (АПФ),,(2S)-1-[(2S)-6-amino-2-[[(1S)-1-carboxy-3-phenylpropyl]amino]hexanoyl]pyrrolidine-2-carboxylic acid,"0,32","3,34","441,53","-0,41",True,True,False,False,Aliphatic_long_chain,,,"0,9627596735954285"
LOPINAVIR,Cc1cccc(C)c1OCC(=O)N[C@@H](Cc1ccccc1)[C@@H](O)C[C@H](Cc1ccccc1)NC(=O)[C@H](C(C)C)N1CCCNC1=O,good,good,противовирусное,,"(2S)-N-[(2S,4S,5S)-5-[[2-(2,6-dimethylphenoxy)acetyl]amino]-4-hydroxy-1,6-diphenylhexan-2-yl]-3-methyl-2-(2-oxo-1,3-diazinan-1-yl)butanamide","0,2","3,9","628,81","4,33",True,False,False,False,,,,"0,6555308699607849"
LOSARTAN,CCCCc1nc(Cl)c(CO)n1Cc1ccc(-c2ccccc2-c2nnn[nH]2)cc1,good,good,антигипертензивное средство,,[2-butyl-5-chloro-3-[[4-[2-(2H-tetrazol-5-yl)phenyl]phenyl]methyl]imidazol-4-yl]methanol,"0,44","2,65","422,92","4,27",True,False,False,False,,,,"0,9831904172897339"
MEMANTINE,CC12CC3CC(C)(C1)CC(N)(C3)C2,good,good,средство для лечения деменции,,"3,5-dimethyladamantan-1-amine","0,61","5,14","179,31","2,69",True,False,False,False,,,,"0,9746365547180176"
METFORMIN,CN(C)C(=N)NC(=N)N,good,good,гипогликемическое средство,,"3-(diaminomethylidene)-1,1-dimethylguanidine","0,25","3,67","129,17","-1,03",True,True,False,False,"imine_1, imine_2",,,"0,8962405323982239"
METHIMAZOLE,Cn1ccnc1S,good,good,антитиреоидное средство,,3-methyl-1H-imidazole-2-thione,"0,49","3,31","114,17","0,71",True,True,False,True,thiol_2,,[SH],"0,9675762057304382"
MOLNUPIRAVIR,CC(C)C(=O)OC[C@H]1O[C@@H](n2cc/c(=N\O)[nH]c2=O)[C@H](O)[C@@H]1O,good,good,противовирусное,,"[(2R,3S,4R,5R)-3,4-dihydroxy-5-[4-(hydroxyamino)-2-oxopyrimidin-1-yl]oxolan-2-yl]methyl 2-methylpropanoate","0,29","4,19","329,31","-1,72",True,True,False,False,"oxime_1, Oxygen-nitrogen_single_bond",,,"0,22727200388908386"
MONTELUKAST,CC(C)(O)c1ccccc1CC[C@@H](SCC1(CC(=O)O)CC1)c1cccc(/C=C/c2ccc3ccc(Cl)cc3n2)c1,good,good,противовоспалительное антибронхоконстрикторное средство,,2-[1-[[(1R)-1-[3-[(E)-2-(7-chloroquinolin-2-yl)ethenyl]phenyl]-3-[2-(2-hydroxypropan-2-yl)phenyl]propyl]sulfanylmethyl]cyclopropyl]acetic acid,"0,17","3,53","586,2","8,95",False,False,False,False,,,,"0,012472884729504585"
MYCOPHENOLATE MOFETIL,COc1c(C)c2c(c(O)c1C/C=C(\C)CCC(=O)OCCN1CCOCC1)C(=O)OC2,good,good,иммунодепрессивное средство,,2-morpholin-4-ylethyl (E)-6-(4-hydroxy-6-methoxy-7-methyl-3-oxo-1H-2-benzofuran-5-yl)-4-methylhex-4-enoate,"0,47","2,91","433,5","2,52",True,True,False,False,isolated_alkene,,,"0,3390142023563385"
NARLAPREVIR,CCCC[C@H](NC(=O)[C@@H]1[C@@H]2[C@H](CN1C(=O)[C@@H](NC(=O)NC1(CS(=O)(=O)C(C)(C)C)CCCCC1)C(C)(C)C)C2(C)C)C(=O)C(=O)NC1CC1,good,good,противовирусное,,"(1R,2S,5S)-3-[(2S)-2-[[1-(tert-butylsulfonylmethyl)cyclohexyl]carbamoylamino]-3,3-dimethylbutanoyl]-N-[(3S)-1-(cyclopropylamino)-1,2-dioxoheptan-3-yl]-6,6-dimethyl-3-azabicyclo[3.1.0]hexane-2-carboxamide","0,21","4,56","707,98","3,62",True,True,False,False,diketo_group,,,"0,011608184315264225"
NITROFURAZONE,NC(=O)N/N=C/c1ccc([N+](=O)[O-])o1,good,good,антисептическое средство,,[(E)-(5-nitrofuran-2-yl)methylideneamino]urea,"0,41","2,57","198,14","0,19",True,True,False,True,"imine_1, nitro_group, Oxygen-nitrogen_single_bond",,[N;R0][N;R0]C(=O),"0,9984706044197083"
OMEPRAZOLE,COc1ccc2[nH]c([S+]([O-])Cc3ncc(C)c(OC)c3C)nc2c1,good,good,ингибитор протонной помпы,,"6-methoxy-2-[(4-methoxy-3,5-dimethyl-2-pyridinyl)methylsulfinyl]-1H-benzimidazole","0,72","3,72","345,42","2,9",True,True,False,True,charged_oxygen_or_sulfur_atoms,,"[C+,Cl+,I+,P+,S+]","0,9720482230186462"
OSELTAMIVIR,CCOC(=O)C1=C[C@@H](OC(CC)CC)[C@H](NC(C)=O)[C@@H](N)C1,good,good,противовирусное,,"ethyl (3R,4R,5S)-4-acetamido-5-amino-3-pentan-3-yloxycyclohexene-1-carboxylate","0,69","3,76","312,41","1,29",True,False,False,False,,,,"0,17594055831432343"
PANTOPRAZOLE,COc1ccnc(C[S+]([O-])c2nc3cc(OC(F)F)ccc3[nH]2)c1OC,good,good,ингибитор протонной помпы,,"6-(difluoromethoxy)-2-[(3,4-dimethoxy-2-pyridinyl)methylsulfinyl]-1H-benzimidazole","0,63","3,77","383,38","2,88",True,True,False,True,charged_oxygen_or_sulfur_atoms,,"[C+,Cl+,I+,P+,S+]","0,9763365983963013"
PAROXETINE,Fc1ccc([C@@H]2CCNC[C@H]2COc2ccc3c(c2)OCO3)cc1,good,good,антидепрессант,,"(3S,4R)-3-(1,3-benzodioxol-5-yloxymethyl)-4-(4-fluorophenyl)piperidine","0,93","2,99","329,37","3,33",True,False,False,False,,,,"0,37980785965919495"
PENICILLIN G,CC1(C)S[C@@H]2[C@H](NC(=O)Cc3ccccc3)C(=O)N2[C@H]1C(=O)O,good,good,антибиотик ,,"(2S,5R,6R)-3,3-dimethyl-7-oxo-6-[(2-phenylacetyl)amino]-4-thia-1-azabicyclo[3.2.0]heptane-2-carboxylic acid","0,8","3,2","334,4","0,86",True,False,False,True,,,N1CCC1=O,"0,9768940806388855"
PHENIRAMINE,CN(C)CCC(c1ccccc1)c1ccccn1,good,good,антигистаминное,,"N,N-dimethyl-3-phenyl-3-pyridin-2-ylpropan-1-amine","0,8","2,39","240,35","3,17",True,False,False,False,,,,"0,9688757061958313"
PIOGLITAZONE,CCc1ccc(CCOc2ccc(CC3SC(=O)NC3=O)cc2)nc1,good,good,гипогликемическое средство,,"5-[[4-[2-(5-ethyl-2-pyridinyl)ethoxy]phenyl]methyl]-1,3-thiazolidine-2,4-dione","0,83","2,82","356,45","3,16",True,True,False,False,thioester,,,"0,4050290584564209"
PREDNISONE,C[C@]12C=CC(=O)C=C1CC[C@@H]1[C@@H]2C(=O)C[C@@]2(C)[C@H]1CC[C@]2(O)C(=O)CO,good,good,глюкокортикостероид,,"(8S,9S,10R,13S,14S,17R)-17-hydroxy-17-(2-hydroxyacetyl)-10,13-dimethyl-6,7,8,9,12,14,15,16-octahydrocyclopenta[a]phenanthrene-3,11-dione","0,78","4,39","358,43","1,77",True,False,False,False,,,,"0,43566203117370605"
PROCAINE HYDROCHLORIDE,CCN(CC)CCOC(=O)c1ccc(N)cc1.Cl,good,good,местный анестетик,,2-(diethylamino)ethyl 4-aminobenzoate,"0,64","1,99","272,78","2,19",True,True,False,False,aniline,,,"0,994697093963623"
PROPYLTHIOURACIL,CCCc1cc(=O)[nH]c(=S)[nH]1,good,good,антитиреоидное средство,,6-propyl-2-sulfanylidene-1H-pyrimidin-4-one,"0,66","2,68","170,24","1,38",True,True,False,False,Thiocarbonyl_group,,,"0,9870894551277161"
PYRIDOXAL,Cc1ncc(CO)c(C=O)c1O,good,good,витамин (?),,3-hydroxy-5-(hydroxymethyl)-2-methylpyridine-4-carbaldehyde,"0,63","2,71","167,16","0,4",True,True,False,False,aldehyde,,,"0,9107657670974731"
RIVASTIGMINE,CCN(C)C(=O)Oc1cccc([C@H](C)N(C)C)c1,good,good,ингибитор холинэстеразы,,[3-[(1S)-1-(dimethylamino)ethyl]phenyl] N-ethyl-N-methylcarbamate,"0,82","2,67","250,34","2,76",True,False,False,False,,,,"0,9944129586219788"
SALMETEROL,OCc1cc(C(O)CNCCCCCCOCCCCc2ccccc2)ccc1O,good,good,бронхолитическое средство,,2-(hydroxymethyl)-4-[1-hydroxy-2-[6-(4-phenylbutoxy)hexylamino]ethyl]phenol,"0,31","2,72","415,57","4,11",True,True,False,False,Aliphatic_long_chain,,,"0,984519362449646"
SERTRALINE,CN[C@H]1CC[C@@H](c2ccc(Cl)c(Cl)c2)c2ccccc21,good,good,антидепрессант,,"(1S,4S)-4-(3,4-dichlorophenyl)-N-methyl-1,2,3,4-tetrahydronaphthalen-1-amine","0,81","2,92","306,24","5,18",True,False,False,False,,,,"0,9490914940834045"
SILDENAFIL CITRATE,CCCc1nn(C)c2c(=O)[nH]c(-c3cc(S(=O)(=O)N4CCN(C)CC4)ccc3OCC)nc12.O=C(O)CC(O)(CC(=O)O)C(=O)O,good,good,виагра,,"5-[2-ethoxy-5-(4-methylpiperazin-1-yl)sulfonylphenyl]-1-methyl-3-propyl-6H-pyrazolo[4,5-d]pyrimidin-7-one","0,18","3,24","666,71","0,36",False,False,False,False,,,,"0,7171900868415833"
SOFOSBUVIR,CC(C)OC(=O)[C@H](C)N[P@](=O)(OC[C@H]1O[C@@H](n2ccc(=O)[nH]c2=O)[C@](C)(F)[C@@H]1O)Oc1ccccc1,good,good,противовирусное,,"propan-2-yl (2S)-2-[[[(2R,3R,4R,5R)-5-(2,4-dioxopyrimidin-1-yl)-4-fluoro-3-hydroxy-4-methyloxolan-2-yl]methoxy-phenoxyphosphoryl]amino]propanoate","0,31","4,38","529,46","1,66",True,True,False,False,phosphor,,,"0,03494999185204506"
SPIRONOLACTONE,CC(=O)S[C@@H]1CC2=CC(=O)CC[C@]2(C)[C@H]2CC[C@@]3(C)[C@@H](CC[C@@]34CCC(=O)O4)[C@H]12,good,good,калийсберегающий диуретик,,"S-[(7R,8R,9S,10R,13S,14S,17R)-10,13-dimethyl-3,5'-dioxospiro[2,6,7,8,9,11,12,14,15,16-decahydro-1H-cyclopenta[a]phenanthrene-17,2'-oxolane]-7-yl] ethanethioate","0,57","5,13","416,58","4,85",True,True,False,False,thioester,,,"0,02175011858344078"
SULFASALAZINE,O=C(O)c1cc(/N=N/c2ccc(S(=O)(=O)Nc3ccccn3)cc2)ccc1O,good,good,противомикробное и противовоспалительное кишечное средство,,2-hydroxy-5-[[4-(pyridin-2-ylsulfamoyl)phenyl]diazenyl]benzoic acid,"0,54","2,43","398,4","3,7",True,True,True,False,diazo_group,azo_A(324),,"0,9955257773399353"
TACROLIMUS ANHYDROUS,C=CC[C@@H]1/C=C(\C)C[C@H](C)C[C@H](OC)[C@H]2O[C@@](O)(C(=O)C(=O)N3CCCC[C@H]3C(=O)O[C@H](/C(C)=C/[C@@H]3CC[C@@H](O)[C@H](OC)C3)[C@H](C)[C@@H](O)CC1=O)[C@H](C)C[C@@H]2OC,good,good,иммунодепрессивное средство,,"(1R,9S,12S,13R,14S,17R,18E,21S,23S,24R,25S,27R)-1,14-dihydroxy-12-[(E)-1-[(1R,3R,4R)-4-hydroxy-3-methoxycyclohexyl]prop-1-en-2-yl]-23,25-dimethoxy-13,19,21,27-tetramethyl-17-prop-2-enyl-11,28-dioxa-4-azatricyclo[22.3.1.04,9]octacos-18-ene-2,3,10,16-tetrone","0,18","6,92","804,03","4,64",False,True,False,False,"diketo_group, isolated_alkene",,,"0,01411720272153616"
TENOFOVIR ANHYDROUS,C[C@H](Cn1cnc2c(N)ncnc21)OCP(=O)(O)O,good,good,противовирусное,,[(2R)-1-(6-aminopurin-9-yl)propan-2-yl]oxymethylphosphonic acid,"0,65","3,38","287,22","-0,05",True,True,False,False,phosphor,,,"0,9561477303504944"
TICAGRELOR,CCCSc1nc(N[C@@H]2C[C@H]2c2ccc(F)c(F)c2)c2nnn([C@@H]3C[C@H](OCCO)[C@@H](O)[C@H]3O)c2n1,good,good,предотвращает тромбоз,,"(1S,2S,3R,5S)-3-[7-[[(1R,2S)-2-(3,4-difluorophenyl)cyclopropyl]amino]-5-propylsulfanyltriazolo[4,5-d]pyrimidin-3-yl]-5-(2-hydroxyethoxy)cyclopentane-1,2-diol","0,23","4,51","522,58","2,01",True,False,False,False,,,,"0,031153881922364235"
TIOTROPIUM,C[N+]1(C)[C@@H]2C[C@@H](OC(=O)C(O)(c3cccs3)c3cccs3)C[C@H]1[C@@H]1O[C@@H]12,good,good,м-холиноблокатор,,"[(1S,2S,4R,5R)-9,9-dimethyl-3-oxa-9-azoniatricyclo[3.3.1.02,4]nonan-7-yl] 2-hydroxy-2,2-dithiophen-2-ylacetate","0,49","5,22","392,52","2,35",True,True,False,True,"quaternary_nitrogen_2, Three-membered_heterocycle",,"C1[O,S,N]C1","0,03436283394694328"
VALSARTAN,CCCCC(=O)N(Cc1ccc(-c2ccccc2-c2nnn[nH]2)cc1)[C@H](C(=O)O)C(C)C,good,good,антигипертензивное средство,,(2S)-3-methyl-2-[pentanoyl-[[4-[2-(2H-tetrazol-5-yl)phenyl]phenyl]methyl]amino]butanoic acid,"0,49","3,05","435,53","4,16",True,False,False,False,,,,"0,9323083758354187"
WARFARIN,CC(=O)CC(c1ccccc1)c1c(O)c2ccccc2oc1=O,good,good,антикоагулянт непрямого действия,,4-hydroxy-3-(3-oxo-1-phenylbutyl)chromen-2-one,"0,75","2,63","308,33","3,61",True,True,False,False,cumarine,,,"0,9729878306388855"
ZANAMIVIR,CC(=O)N[C@H]1[C@H]([C@H](O)[C@H](O)CO)OC(C(=O)O)=C[C@@H]1NC(=N)N,good,good,противовирусное,,"(2R,3R,4S)-3-acetamido-4-(diaminomethylideneamino)-2-[(1R,2R)-1,2,3-trihydroxypropyl]-3,4-dihydro-2H-pyran-6-carboxylic acid","0,18","4,37","332,31","-3,58",True,True,False,False,"imine_1, imine_2",,,"0,005158538930118084"
AZITHROMYCIN,CC[C@H]1OC(=O)[C@H](C)[C@@H](O[C@H]2C[C@@](C)(OC)[C@@H](O)[C@H](C)O2)[C@H](C)[C@@H](O[C@@H]2O[C@H](C)C[C@H](N(C)C)[C@H]2O)[C@](C)(O)C[C@@H](C)CN(C)[C@H](C)[C@@H](O)[C@]1(C)O,good,good,антибиотик (макролид),,"(2R,3S,4R,5R,8R,10R,11R,12S,13S,14R)-11-[(2S,3R,4S,6R)-4-(dimethylamino)-3-hydroxy-6-methyloxan-2-yl]oxy-2-ethyl-3,4,10-trihydroxy-13-[(2R,4R,5S,6S)-5-hydroxy-4-methoxy-4,6-dimethyloxan-2-yl]oxy-3,5,6,8,10,12,14-heptamethyl-1-oxa-6-azacyclopentadecan-15-one","0,24","6,13",749,"1,9",False,False,False,False,,,,"0,004055636003613472"
CLARITHROMYCIN,CC[C@H]1OC(=O)[C@H](C)[C@@H](O[C@H]2C[C@@](C)(OC)[C@@H](O)[C@H](C)O2)[C@H](C)[C@@H](O[C@@H]2O[C@H](C)C[C@H](N(C)C)[C@H]2O)[C@](C)(OC)C[C@@H](C)C(=O)[C@H](C)[C@@H](O)[C@]1(C)O,good,good,антибиотик,,"(3R,4S,5S,6R,7R,9R,11R,12R,13S,14R)-6-[(2S,3R,4S,6R)-4-(dimethylamino)-3-hydroxy-6-methyloxan-2-yl]oxy-14-ethyl-12,13-dihydroxy-4-[(2R,4R,5S,6S)-5-hydroxy-4-methoxy-4,6-dimethyloxan-2-yl]oxy-7-methoxy-3,5,7,9,11,13-hexamethyl-oxacyclotetradecane-2,10-dione","0,27","6,12","747,96","2,44",False,False,False,False,,,,"0,0029174513183534145"
CEPHALEXIN,CC1=C(C(=O)O)N2C(=O)[C@@H](NC(=O)[C@H](N)c3ccccc3)[C@H]2SC1.O,good,good,цефалоспориновый антибиотик,,"(6R,7R)-7-[[(2R)-2-amino-2-phenylacetyl]amino]-3-methyl-8-oxo-5-thia-1-azabicyclo[4.2.0]oct-2-ene-2-carboxylic acid","0,62","3,45","365,41","-0,38",True,False,False,True,,,N1CCC1=O,"0,6956469416618347"
CEFTRIAXONE,CO/N=C(\C(=O)N[C@@H]1C(=O)N2C(C(=O)O)=C(CSc3nc(=O)c(O)nn3C)CS[C@H]12)c1csc(N)n1,good,good,антибиотик широкого спектра,,"(6R,7R)-7-[[(2Z)-2-(2-amino-1,3-thiazol-4-yl)-2-methoxyiminoacetyl]amino]-3-[(2-methyl-5,6-dioxo-1H-1,2,4-triazin-3-yl)sulfanylmethyl]-8-oxo-5-thia-1-azabicyclo[4.2.0]oct-2-ene-2-carboxylic acid","0,13","4,14","554,59","-1,2",False,True,False,True,"imine_1, Oxygen-nitrogen_single_bond",,N1CCC1=O,"0,011227825656533241"
METOPROLOL,COCCc1ccc(OCC(O)CNC(C)C)cc1,good,good,бета-блокатор,,1-[4-(2-methoxyethyl)phenoxy]-3-(propan-2-ylamino)propan-2-ol,"0,71","2,39","267,37","1,61",True,False,False,False,,,,"0,9991167187690735"
ATENOLOL,CC(C)NCC(O)COc1ccc(CC(N)=O)cc1,good,good,бета-блокатор,,2-[4-[2-hydroxy-3-(propan-2-ylamino)propoxy]phenyl]acetamide,"0,64","2,44","266,34","0,45",True,False,False,False,,,,"0,9938758015632629"
BISOPROLOL,CC(C)NCC(O)COc1ccc(COCCOC(C)C)cc1,good,good,бета-блокатор,,1-(propan-2-ylamino)-3-[4-(2-propan-2-yloxyethoxymethyl)phenoxy]propan-2-ol,"0,58","2,61","325,45","2,37",True,True,False,False,Aliphatic_long_chain,,,"0,9978917241096497"
AMLODIPINE,CCOC(=O)C1=C(C)NC(C)=C(C(=O)OCC)C1c1ccccc1Cl,good,good,блокатор кальциевых каналов,,"diethyl 4-(2-chlorophenyl)-2,6-dimethyl-1,4-dihydropyridine-3,5-dicarboxylate","0,81","2,16","363,84","3,7",True,False,False,False,,,,"0,11530698090791702"
NIFEDIPINE,CCOC(=O)C1=C(C)NC(C)=C(C(=O)OCC)C1c1ccccc1,good,good,антигипертензивное средство,,"diethyl 2,6-dimethyl-4-phenyl-1,4-dihydropyridine-3,5-dicarboxylate","0,84","2,06","329,4","3,05",True,False,False,False,,,,"0,44742754101753235"
SIMVASTATIN,CCC(C)(C)C(=O)O[C@H]1C[C@@H](C)C=C2C=C[C@H](C)[C@H](CC[C@@H]3C[C@@H](O)CC(=O)O3)[C@H]21,good,good,гиполипидемическое средство,,"[(1S,3R,7S,8S,8aR)-8-[2-[(2R,4R)-4-hydroxy-6-oxooxan-2-yl]ethyl]-3,7-dimethyl-1,2,3,7,8,8a-hexahydronaphthalen-1-yl] 2,2-dimethylbutanoate","0,64","4,65","418,57","4,59",True,False,False,False,,,,"0,13781797885894775"
ROSUVASTATIN,CC(C)c1nc(N(C)S(C)(=O)=O)nc(-c2ccc(F)cc2)c1/C=C/[C@@H](O)C[C@@H](O)CC(=O)O,good,good,статин,,"(E,3R,5S)-7-[4-(4-fluorophenyl)-2-[methyl(methylsulfonyl)amino]-6-propan-2-ylpyrimidin-5-yl]-3,5-dihydroxyhept-6-enoic acid","0,47","3,62","481,55","2,4",True,False,False,False,,,,"0,36199474334716797"
FAMOTIDINE,NS(=O)(=O)c1ccc(N=C(N)N)cc1,good,good,блокатор H2-рецепторов,,2-(4-sulfamoylphenyl)guanidine,"0,44","2,15","214,25","-0,76",True,True,False,False,"imine_1, imine_2",,,"0,961201548576355"
ONDANSETRON,Cc1nccn1CC1CCc2c(c3ccccc3n2C)C1=O,good,good,противорвотное средство,,"9-methyl-3-[(2-methylimidazol-1-yl)methyl]-2,3-dihydro-1H-carbazol-4-one","0,73","3,06","293,37","3,13",True,False,False,False,,,,"0,9743725657463074"
LORATADINE,CCOC(=O)N1CCC(=C2c3ccc(Cl)cc3CCc3cccnc32)CC1,good,good,антигистаминное,,"ethyl 4-(13-chloro-4-azatricyclo[9.4.0.03,8]pentadeca-1(11),3(8),4,6,12,14-hexaen-2-ylidene)piperidine-1-carboxylate","0,7","2,52","382,89","4,89",True,False,False,False,,,,"0,9884865283966064"
FEXOFENADINE,CC(C)(C)c1ccc(C(O)CCCN2CCC(C(O)(c3ccccc3)c3ccccc3)CC2)cc1,good,good,антигистаминное,,1-(4-tert-butylphenyl)-4-[4-[hydroxy(diphenyl)methyl]piperidin-1-yl]butan-1-ol,"0,4","2,86","471,69","6,45",True,False,False,False,,,,"0,970388650894165"
SALBUTAMOL,CC(C)(C)NCC(O)c1ccc(O)c(O)c1,good,good,бронходилататор,,"4-[2-(tert-butylamino)-1-hydroxyethyl]benzene-1,2-diol","0,59","2,67","225,29","1,52",True,True,True,False,catechol,catechol_A(92),,"0,9914552569389343"
IPRATROPIUM,CC(C)[N+]1(C)[C@@H]2CC[C@H]1C[C@@H](OC(=O)C(CO)c1ccccc1)C2,good,good,антихолинергическое средство,,"[(1R,5S)-8-methyl-8-propan-2-yl-8-azoniabicyclo[3.2.1]octan-3-yl] 3-hydroxy-2-phenylpropanoate","0,67","4,8","332,46","2,85",True,True,False,False,quaternary_nitrogen_2,,,"0,50490403175354"
ALLOPURINOL,C1=NNC2=C1C(=O)NC=N2,good,good,средство против подагры,,"1,5-dihydropyrazolo[5,4-d]pyrimidin-4-one","0,52","2,93","136,11","-0,35",True,False,False,False,,,,"0,9788461923599243"
FEBUXOSTAT,Cc1nc(-c2ccc(OCC(C)C)c(C#N)c2)sc1C(=O)O,good,good,ингибитор ксантиноксидазы,,"2-[3-cyano-4-(2-methylpropoxy)phenyl]-4-methyl-1,3-thiazole-5-carboxylic acid","0,91","2,32","316,38","3,72",True,False,False,False,,,,"0,9165573716163635"
BISACODYL,CC(=O)Oc1ccc(C(c2ccc(OC(C)=O)cc2)c2ccccn2)cc1,good,good,слабительное средство,,[4-[(4-acetyloxyphenyl)-pyridin-2-ylmethyl]phenyl] acetate,"0,51","2,18","361,4","4,11",True,True,False,False,phenol_ester,,,"0,9498835802078247"
LOPERAMIDE,CN(C)C(=O)C(CCN1CCC(O)(c2ccc(Cl)cc2)CC1)(c1ccccc1)c1ccccc1,good,good,противодиарейное,,"4-[4-(4-chlorophenyl)-4-hydroxypiperidin-1-yl]-N,N-dimethyl-2,2-diphenylbutanamide","0,52","2,55","477,05","5,09",True,False,False,False,,,,"0,9759355187416077"
ORLISTAT,CCCCCCCCCCC[C@@H](C[C@@H]1OC(=O)[C@H]1CCCCCC)OC(=O)[C@H](CC(C)C)NC=O,good,good,ингибитор липаз,,"[(2S)-1-[(2S,3S)-3-hexyl-4-oxooxetan-2-yl]tridecan-2-yl] (2S)-2-formamido-4-methylpentanoate","0,09","3,93","495,75","6,88",True,True,False,True,"aldehyde, Aliphatic_long_chain, four_member_lactones",,"[CD2;R0][CD2;R0][CD2;R0][CD2;R0][CD2;R0][CD2;R0][CD2;R0], C1(=O)OCC1","0,5236378908157349"
VITAMIN D3,CC(C)CCCC(C)C1CCC2C1(CCC3C2CCC4=CC(=O)CCC34C)C,good,good,витаминчик,,"10,13-dimethyl-17-(6-methylheptan-2-yl)-1,2,6,7,8,9,11,12,14,15,16,17-dodecahydrocyclopenta[a]phenanthren-3-one","0,48","4,05","384,65","7,6",True,False,False,False,,,,"0,8150668144226074"
VITAMIN C,OC[C@H](O)[C@H](O)C(=O)O,good,good,аскорбинка,,"(2S,3S)-2,3,4-trihydroxybutanoic acid","0,35","3,16","136,1","-2,21",True,False,False,False,,,,"0,7439054846763611"
FOLIC ACID,Nc1nc(=O)c2nc(CNc3ccc(C(=O)N[C@@H](CCC(=O)O)C(=O)O)cc3)cnc2[nH]1,good,good,витаминчик,,(2S)-2-[[4-[(2-amino-4-oxo-3H-pteridin-6-yl)methylamino]benzoyl]amino]pentanedioic acid,"0,26","2,99","441,4","-0,04",True,False,False,False,,,,"0,8591466546058655"
BIOTIN,O=C(O)CCCC[C@@H]1SC[C@@H]2NC(=O)N[C@@H]21,good,good,витаминчик,,"5-[(3aS,4S,6aR)-2-oxo-1,3,3a,4,6,6a-hexahydrothieno[3,4-d]imidazol-4-yl]pentanoic acid","0,49","3,64","244,32","0,8",True,True,False,False,"Aliphatic_long_chain, biotin_analogue",,,"0,9825182557106018"
LEVOCETIRIZINE,O=C(O)COCCN1CCN(C(c2ccccc2)c2ccc(Cl)cc2)CC1,good,good,антигистаминное,,2-[2-[4-[(4-chlorophenyl)-phenylmethyl]piperazin-1-yl]ethoxy]acetic acid,"0,7","2,48","388,9","3,15",True,True,False,False,Aliphatic_long_chain,,,"0,9958542585372925"
DESLORATADINE,CN1CCC(CC1)c1ccc(Cl)cc1,good,good,антигистаминное,,4-(4-chlorophenyl)-1-methylpiperidine,"0,69","1,7","209,72","3,15",True,False,False,False,,,,"0,9891597628593445"
RANITIDINE,CNC(=C[N+](=O)[O-])NCCSCc1ccc(CN(C)C)o1,ambiguous,side effects,"противоязвенное средство, снят с производства ",образование NDMA (канцероген) при хранении,"1-N'-[2-[[5-[(dimethylamino)methyl]furan-2-yl]methylsulfanyl]ethyl]-1-N-methyl-2-nitroethene-1,1-diamine","0,38","3,01","314,41","1,46",True,True,False,False,"Aliphatic_long_chain, nitro_group, Oxygen-nitrogen_single_bond",,,"0,5146837830543518"
ARIPIPRAZOLE,O=C1CCc2ccc(OCCCCN3CCN(c4cccc(Cl)c4Cl)CC3)cc2N1,ambiguous,side effects,нейролептик,"метаболические нарушения, акатизия","7-[4-[4-(2,3-dichlorophenyl)piperazin-1-yl]butoxy]-3,4-dihydro-1H-quinolin-2-one","0,61","2,34","448,39","4,86",True,True,False,False,Aliphatic_long_chain,,,"0,9976217150688171"
ALPRAZOLAM,Cc1nnc2n1-c1ccc(Cl)cc1C(c1ccccc1)=NC2,ambiguous,addiction,транквилизатор,"зависимость, седативность","8-chloro-1-methyl-6-phenyl-4H-[1,2,4]triazolo[4,3-a][1,4]benzodiazepine","0,69","2,34","308,77","3,58",True,False,False,False,,,,"0,9858536720275879"
CITALOPRAM,CN(C)CCCC1(c2ccc(F)cc2)OCc2cc(C#N)ccc21,ambiguous,side effects,антидепрессант,"QT-пролонгация, серотониновый синдром",1-[3-(dimethylamino)propyl]-1-(4-fluorophenyl)-3H-2-benzofuran-5-carbonitrile,"0,84","3,1","324,4","3,81",True,False,False,False,,,,"0,9693166613578796"
CLONAZEPAM,O=C1CN=C(c2ccccc2Cl)c2cc([N+](=O)[O-])ccc2N1,ambiguous,addiction,противоэпилептическое средство,"седативность, зависимость","5-(2-chlorophenyl)-7-nitro-1,3-dihydro-1,4-benzodiazepin-2-one","0,68","2,38","315,72","3,04",True,True,False,False,"nitro_group, Oxygen-nitrogen_single_bond",,,"0,9478074908256531"
DIAZEPAM,CN1C(=O)CN=C(c2ccccc2)c2cc(Cl)ccc21,ambiguous,addiction,"снотворное, противосудорожное","седативность, зависимость","7-chloro-1-methyl-5-phenyl-3H-1,4-benzodiazepin-2-one","0,79","2,12","284,75","3,15",True,False,False,False,,,,"0,9848576784133911"
LORAZEPAM,O=C1Nc2ccc(Cl)cc2C(c2ccccc2Cl)=NC1O,ambiguous,addiction,сильнодействующий транквилизатор,"седативность, зависимость","7-chloro-5-(2-chlorophenyl)-3-hydroxy-1,3-dihydro-1,4-benzodiazepin-2-one","0,85","2,81","321,16","3,1",True,False,False,False,,,,"0,2913859784603119"
METHOTREXATE,CN(Cc1cnc2nc(N)nc(N)c2n1)c1ccc(C(=O)N[C@@H](CCC(=O)O)C(=O)O)cc1,ambiguous,antitumor,"противоопухолевое, цитостатическое средство","гепатотоксичность, миелосупрессия","(2S)-2-[[4-[(2,4-diaminopteridin-6-yl)methyl-methylamino]benzoyl]amino]pentanedioic acid","0,29","3,09","454,45","0,27",True,False,False,False,,,,"0,7842242121696472"
NAPROXEN,COc1ccc2cc([C@H](C)C(=O)O)ccc2c1,ambiguous,side effects,НПВП,"гастротоксичность, риск кровотечений",(2S)-2-(6-methoxynaphthalen-2-yl)propanoic acid,"0,88","2,21","230,26","3,04",True,False,False,False,,,,"0,9876447319984436"
NILOTINIB,Cc1cn(-c2cc(NC(=O)c3ccc(C)c(Nc4nccc(-c5cccnc5)n4)c3)cc(C(F)(F)F)c2)cn1,ambiguous,antitumor,противоопухолевое средство,"QT-пролонгация, кардиотоксичность",4-methyl-N-[3-(4-methylimidazol-1-yl)-5-(trifluoromethyl)phenyl]-3-[(4-pyridin-3-ylpyrimidin-2-yl)amino]benzamide,"0,27","2,71","529,53","6,36",False,False,False,False,,,,"0,9816725850105286"
NIMESULIDE,CS(=O)(=O)Nc1ccc([N+](=O)[O-])cc1Oc1ccccc1,ambiguous,side effects,НПВП,гепатотоксичность,N-(4-nitro-2-phenoxyphenyl)methanesulfonamide,"0,68","1,93","308,31","2,76",True,True,False,False,"nitro_group, Oxygen-nitrogen_single_bond",,,"0,994802713394165"
OLANZAPINE,Cc1cc2c(s1)Nc1ccccc1N=C2N1CCN(C)CC1,ambiguous,side effects,антипсихотическое средство (нейролептик),"метаболический синдром, набор веса","2-methyl-4-(4-methylpiperazin-1-yl)-10H-thieno[2,3-b][1,5]benzodiazepine","0,81","2,69","312,44","3,44",True,False,False,False,,,,"0,9015309810638428"
PAZOPANIB,Cc1ccc(Nc2nccc(N(C)c3ccc4c(C)n(C)nc4c3)n2)cc1S(N)(=O)=O,ambiguous,antitumor,противоопухолевое средство,"гепатотоксичность, гипертензия","5-[[4-[(2,3-dimethylindazol-6-yl)-methylamino]pyrimidin-2-yl]amino]-2-methylbenzenesulfonamide","0,49","2,76","437,53","3,14",True,False,False,False,,,,"0,885115921497345"
PHENOBARBITAL,O=C1NC(=O)NC(=O)C1(c2ccccc2)CC,ambiguous,addiction,противоэпилептическое психотропное средство,"седативность, зависимость","5-ethyl-5-phenyl-1,3-diazinane-2,4,6-trione","0,74","2,39","232,24","0,7",True,True,False,False,beta-keto/anhydride,,,"0,9448032975196838"
QUETIAPINE,OCCOCCN1CCN(C2=Nc3ccccc3Sc3ccccc32)CC1,ambiguous,side effects,атипичный нейролептик,"седативность, метаболические эффекты","2-[2-(4-benzo[b][1,4]benzothiazepin-6-ylpiperazin-1-yl)ethoxy]ethanol","0,8","2,46","383,52","2,86",True,True,False,False,Aliphatic_long_chain,,,"0,9846314787864685"
RISPERIDONE,Cc1nc2n(c(=O)c1CCN1CCC(c3noc4cc(F)ccc34)CC1)CCCC2,ambiguous,side effects,антипсихотическое средство (нейролептик),"гиперпролактинемия, экстрапирамидные симптомы","3-[2-[4-(6-fluoro-1,2-benzoxazol-3-yl)piperidin-1-yl]ethyl]-2-methyl-6,7,8,9-tetrahydropyrido[1,2-a]pyrimidin-4-one","0,66","2,74","410,49","3,59",True,False,False,False,,,,"0,9573684930801392"
ROFECOXIB,CS(=O)(=O)c1ccc(C2=C(c3ccccc3)C(=O)OC2)cc1,ambiguous,side effects,НПВП,кардиотоксичность,3-(4-methylsulfonylphenyl)-4-phenyl-2H-furan-5-one,"0,82","2,12","314,36","2,56",True,True,False,False,stilbene,,,"0,825262725353241"
SORAFENIB,CNC(=O)c1cc(Oc2ccc(NC(=O)Nc3ccc(Cl)c(C(F)(F)F)c3)cc2)ccn1,ambiguous,antitumor,противоопухолевое средство,"гипертензия, кожная токсичность",4-[4-[[4-chloro-3-(trifluoromethyl)phenyl]carbamoylamino]phenoxy]-N-methylpyridine-2-carboxamide,"0,46","2,27","464,83","5,55",True,False,False,False,,,,"0,9988790154457092"
SUNITINIB,CCN(CC)CCNC(=O)c1c(C)[nH]c(/C=C2\C(=O)Nc3ccc(F)cc32)c1C,ambiguous,antitumor,противоопухолевое средство,"кардиотоксичность, гипотиреоз","N-[2-(diethylamino)ethyl]-5-[(Z)-(5-fluoro-2-oxo-1H-indol-3-ylidene)methyl]-2,4-dimethyl-1H-pyrrole-3-carboxamide","0,63","2,65","398,48","3,33",True,True,False,False,Michael_acceptor_1,,,"0,8480277061462402"
VALDECOXIB,Cc1onc(-c2ccccc2)c1-c1ccc(S(N)(=O)=O)cc1,ambiguous,side effects,НПВП,кардиотоксичность,"4-(5-methyl-3-phenyl-1,2-oxazol-4-yl)benzenesulfonamide","0,8","1,95","314,37","2,96",True,False,False,False,,,,"0,9742798805236816"
CYCLOPHOSPHAMIDE ANHYDROUS,O=P1(N(CCCl)CCCl)NCCCO1,ambiguous,antitumor,противоопухолевое средство,"миелосупрессия, геморрагический цистит","N,N-bis(2-chloroethyl)-2-oxo-1,3,2lambda5-oxazaphosphinan-2-amine","0,61","4,17","261,09","1,88",True,True,False,True,"alkyl_halide, phosphor",,"[Br,Cl,I][CX4;CH,CH2]","0,9767285585403442"
Methyl methanesulfonate,COS(=O)(=O)C,ambiguous,antitumor,противоопухолевое,"канцерогенность, мутагенность",methyl methanesulfonate,"0,43","2,37","110,13","-0,41",True,True,False,True,Sulfonic_acid_1,,"COS(=O)(=O)[C,c]","0,9770993590354919"
ETOPOSIDE,COc1cc([C@@H]2c3cc4c(cc3[C@@H](O[C@@H]3O[C@@H]5CO[C@@H](C)O[C@H]5[C@H](O)[C@H]3O)[C@H]3COC(=O)[C@H]23)OCO4)cc(OC)c1O,ambiguous,antitumor,противоопухолевое,миелосупрессия,"(5S,5aR,8aR,9R)-5-[[(2R,4aR,6R,7R,8R,8aS)-7,8-dihydroxy-2-methyl-4,4a,6,7,8,8a-hexahydropyrano[3,2-d][1,3]dioxin-6-yl]oxy]-9-(4-hydroxy-3,5-dimethoxyphenyl)-5a,6,8a,9-tetrahydro-5H-[2]benzofuro[6,5-f][1,3]benzodioxol-8-one","0,43","4,9","588,56","1,34",False,False,False,False,,,,"0,09478730708360672"
TERFENADINE,CC(C)(C)c1ccc(C(O)CCCN2CCC(C(O)(c3ccccc3)c3ccccc3)CC2)cc1,ambiguous,side effects,антигистаминное,кардиотоксичность (QT-пролонгация),1-(4-tert-butylphenyl)-4-[4-[hydroxy(diphenyl)methyl]piperidin-1-yl]butan-1-ol,"0,4","2,86","471,69","6,45",True,False,False,False,,,,"0,970388650894165"
ASTEMIZOLE,COc1ccc(CCN2CCC(Nc3nc4ccccc4n3Cc3ccc(F)cc3)CC2)cc1,ambiguous,side effects,антигистаминное,кардиотоксичность,1-[(4-fluorophenyl)methyl]-N-[1-[2-(4-methoxyphenyl)ethyl]piperidin-4-yl]benzimidazol-2-amine,"0,39","2,19","458,58","5,35",True,False,False,False,,,,"0,9960687160491943"
COLCHICINE,COc1cc2c(c(OC)c1OC)-c1ccc(OC)c(=O)cc1[C@@H](NC(C)=O)CC2,ambiguous,side effects,противовоспалительное,"узкое терапевтическое окно, токсичность ЖКТ","N-[(7S)-1,2,3,10-tetramethoxy-9-oxo-6,7-dihydro-5H-benzo[a]heptalen-7-yl]acetamide","0,83","2,92","399,44","2,87",True,False,False,False,,,,"0,9923924207687378"
VINBLASTINE,CC[C@]1(O)C[C@@H]2CN(CCc3c([nH]c4ccccc34)[C@@](C(=O)OC)(c3cc4c(cc3OC)N(C)[C@H]3[C@@](O)(C(=O)OC)[C@H](OC(C)=O)[C@]5(CC)C=CCN6CC[C@]43[C@@H]65)C2)C1,ambiguous,antitumor,противоопухолевое,"нейротоксичность, миелосупрессия","methyl (1R,9R,10S,11R,12R,19R)-11-acetyloxy-12-ethyl-4-[(13S,15R,17S)-17-ethyl-17-hydroxy-13-methoxycarbonyl-1,11-diazatetracyclo[13.3.1.04,12.05,10]nonadeca-4(12),5,7,9-tetraen-13-yl]-10-hydroxy-5-methoxy-8-methyl-8,16-diazapentacyclo[10.6.1.01,9.02,7.016,19]nonadeca-2,4,6,13-tetraene-10-carboxylate","0,18","7,15","810,99","3,99",False,True,False,False,">_2_ester_groups, isolated_alkene",,,"0,03152832016348839"
THEOPHYLLINE ANHYDROUS,Cn1c(=O)c2[nH]cnc2n(C)c1=O,ambiguous,side effects,бронходилататор,"узкое терапевтическое окно, аритмии","1,3-dimethyl-7H-purine-2,6-dione","0,56","2,54","180,17","-1,04",True,False,False,False,,,,"0,9860084652900696"
FLUOROURACIL,O=c1[nH]cc(F)c(=O)[nH]1,ambiguous,antitumor,противоопухолевое,"миелосупрессия, мукозиты","5-fluoro-1H-pyrimidine-2,4-dione","0,48","2,66","130,08","-0,8",True,False,False,False,,,,"0,9856712222099304"
CYTARABINE,Nc1ccn([C@@H]2O[C@H](CO)[C@@H](O)[C@@H]2O)c(=O)n1,ambiguous,antitumor,противоопухолевое ,миелосупрессия,"4-amino-1-[(2R,3S,4S,5R)-3,4-dihydroxy-5-(hydroxymethyl)oxolan-2-yl]pyrimidin-2-one","0,45","3,55","243,22","-2,56",True,False,False,False,,,,"0,6500635147094727"
MITOMYCIN,CO[C@@]12[C@H](COC(N)=O)C3=C(C(=O)C(C)=C(N)C3=O)N1C[C@@H]1N[C@@H]12,ambiguous,antitumor,противоопухолевое ,"миелосупрессия, нефротоксичность","[(4S,6S,7R,8S)-11-amino-7-methoxy-12-methyl-10,13-dioxo-2,5-diazatetracyclo[7.4.0.02,7.04,6]trideca-1(9),11-dien-8-yl]methyl carbamate","0,41","4,6","334,33","-1,65",True,True,True,True,"chinone_1, Three-membered_heterocycle",quinone_A(370),"C1[O,S,N]C1, O=C1[#6]~[#6]C(=O)[#6]~[#6]1","0,05598928779363632"
BUSULFAN,CS(=O)(=O)OCCCCOS(C)(=O)=O,ambiguous,antitumor,противоопухолевое ,"миелосупрессия, фиброз лёгких",4-methylsulfonyloxybutyl methanesulfonate,"0,45","2,48","246,31","-0,28",True,True,False,True,"Aliphatic_long_chain, Sulfonic_acid_1",,"COS(=O)(=O)[C,c]","0,9716476202011108"
PROCARBAZINE,CNNCc1ccc(C(=O)NC(C)C)cc1,ambiguous,antitumor,противоопухолевое ,"канцерогенность, миелосупрессия",4-[(2-methylhydrazinyl)methyl]-N-propan-2-ylbenzamide,"0,65","1,99","221,3","1,05",True,True,False,False,Oxygen-nitrogen_single_bond,,,"0,9917231202125549"
TRAMADOL,COc1cccc([C@@]2(O)CCCC[C@@H]2CN(C)C)c1,ambiguous,addiction,опиоидный анальгетик,"зависимость, судороги","cis-(1R,2R)-2-[(dimethylamino)methyl]-1-(3-methoxyphenyl)cyclohexan-1-ol","0,91","3,02","263,38","2,63",True,False,False,False,,,,"0,9393461346626282"
FENTANYL,CCC(=O)N(c1ccccc1)C1CCN(CCc2ccccc2)CC1,ambiguous,addiction,опиоидный анальгетик,"угнетение дыхания, зависимость",N-phenyl-N-[1-(2-phenylethyl)piperidin-4-yl]propanamide,"0,79","1,98","336,48","4,14",True,False,False,False,,,,"0,9925518035888672"
METHADONE,CCC(=O)C(CC(C)N(C)C)(c1ccccc1)c1ccccc1,ambiguous,addiction,опиоидный анальгетик,"QT-пролонгация, зависимость","6-(dimethylamino)-4,4-diphenylheptan-3-one","0,76","2,71","309,45","4,29",True,False,False,False,,,,"0,9727765321731567"
BUPRENORPHINE,CO[C@@]12CC[C@@]3(C[C@@H]1[C@](C)(O)C(C)(C)C)[C@H]1Cc4ccc(O)c5c4[C@@]3(CCN1CC1CC1)[C@H]2O5,ambiguous,addiction,частичный опиоидный агонист,"зависимость (ниже риск), угнетение дыхания","(1S,2S,6R,14R,15S,16R)-5-(cyclopropylmethyl)-16-[(2S)-2-hydroxy-3,3-dimethylbutan-2-yl]-15-methoxy-13-oxa-5-azahexacyclo[13.2.2.12,8.01,6.02,14.012,20]icosa-8(20),9,11-trien-11-ol","0,69","6,46","467,65","4,41",True,False,False,False,,,,"0,0018819529796019197"
HALOPERIDOL,O=C(CCCN1CCC(O)(c2ccc(Cl)cc2)CC1)c1ccc(F)cc1,ambiguous,side effects,антипсихотическое средство,"экстрапирамидные симптомы, QT-пролонгация",4-[4-(4-chlorophenyl)-4-hydroxypiperidin-1-yl]-1-(4-fluorophenyl)butan-1-one,"0,76","2,12","375,87","4,43",True,False,False,False,,,,"0,9944942593574524"
CLOZAPINE,CN1CCN(C2=Nc3cc(Cl)ccc3Nc3ccccc32)CC1,ambiguous,side effects,атипичный антипсихотик,агранулоцитоз,"3-chloro-6-(4-methylpiperazin-1-yl)-11H-benzo[b][1,4]benzodiazepine","0,8","2,33","326,83","3,72",True,False,False,False,,,,"0,984789252281189"
PALIPERIDONE,Cc1nc2n(c(=O)c1CCN1CCC(c3noc4cc(F)ccc34)CC1)CCCC2O,ambiguous,side effects,антипсихотическое средство,гиперпролактинемия,"3-[2-[4-(6-fluoro-1,2-benzoxazol-3-yl)piperidin-1-yl]ethyl]-9-hydroxy-2-methyl-6,7,8,9-tetrahydropyrido[1,2-a]pyrimidin-4-one","0,69","3,32","426,49","3,08",True,False,False,False,,,,"0,9740826487541199"
DOXORUBICIN,COc1cccc2c1C(=O)c1c(O)c3c(c(O)c1C2=O)C[C@@](O)(C(=O)CO)C[C@@H]3O[C@H]1C[C@H](N)[C@H](O)[C@H](C)O1,ambiguous,antitumor,противоопухолевое,кардиотоксичность,"(7S,9S)-7-[(2R,4S,5S,6S)-4-amino-5-hydroxy-6-methyloxan-2-yl]oxy-6,9,11-trihydroxy-9-(2-hydroxyacetyl)-4-methoxy-8,10-dihydro-7H-tetracene-5,12-dione","0,24","4,49","543,53",0,False,True,True,True,hydroquinone,quinone_A(370),O=C1[#6]~[#6]C(=O)[#6]~[#6]1,"0,007789288181811571"
VINCRISTINE,CC[C@]1(O)C[C@H]2CN(CCc3c([nH]c4ccccc34)[C@@](C(=O)OC)(c3cc4c(cc3OC)N(C=O)[C@H]3[C@@](O)(C(=O)OC)[C@H](OC(C)=O)[C@]5(CC)C=CCN6CC[C@]43[C@@H]65)C2)C1,ambiguous,antitumor,противоопухолевое,нейротоксичность,"methyl (1R,9R,10S,11R,12R,19R)-11-acetyloxy-12-ethyl-4-[(13S,15S,17S)-17-ethyl-17-hydroxy-13-methoxycarbonyl-1,11-diazatetracyclo[13.3.1.04,12.05,10]nonadeca-4(12),5,7,9-tetraen-13-yl]-8-formyl-10-hydroxy-5-methoxy-8,16-diazapentacyclo[10.6.1.01,9.02,7.016,19]nonadeca-2,4,6,13-tetraene-10-carboxylate","0,13","7,26","824,97","3,52",False,True,False,False,">_2_ester_groups, aldehyde, isolated_alkene",,,"0,02445419505238533"
TAMOXIFEN,CC/C(=C(\c1ccccc1)c1ccc(OCCN(C)C)cc1)c1ccccc1,ambiguous,side effects,"SERM, гормональная терапия","риск тромбозов, рак эндометрия","2-[4-[(Z)-1,2-diphenylbut-1-enyl]phenoxy]-N,N-dimethylethanamine","0,45","2,02","371,52",6,True,True,False,False,stilbene,,,"0,9895424842834473"
COCAINE,COC(=O)[C@H]1[C@@H](OC(=O)c2ccccc2)C[C@@H]2CC[C@H]1N2C,ambiguous,addiction,наркотик,"кардиотоксичность, зависимость","methyl (1R,2R,3S,5S)-3-benzoyloxy-8-methyl-8-azabicyclo[3.2.1]octane-2-carboxylate","0,8","3,99","303,36","1,87",True,False,False,False,,,,"0,9011338353157043"
MORPHINE,CN1CC[C@]23c4c5ccc(O)c4O[C@H]2[C@@H](O)C=C[C@H]3[C@H]1C5,ambiguous,addiction,опиоидный анальгетик,"угнетение дыхания, зависимость","(4R,4aR,7S,7aR,12bS)-3-methyl-2,4,4a,7,7a,13-hexahydro-1H-4,12-methanobenzofuro[3,2-e]isoquinoline-7,9-diol","0,7","5,27","285,34","1,2",True,True,False,False,isolated_alkene,,,"0,002835971536114812"
OXYCODONE,COc1ccc2c3c1O[C@H]1C(=O)CC[C@@]4(O)[C@@H](C2)N(C)CC[C@]314,ambiguous,addiction,опиоидный анальгетик,зависимость,"(4R,4aS,7aR,12bS)-4a-hydroxy-9-methoxy-3-methyl-2,4,5,6,7a,13-hexahydro-1H-4,12-methanobenzofuro[3,2-e]isoquinolin-7-one","0,84","4,98","315,37","1,05",True,False,False,False,,,,"0,002788473851978779"
MIDOMAFETAMINE,CNC(C)Cc1ccc2c(c1)OCO2,ambiguous,addiction,психостимулятор,"нейротоксичность, гипертермия","1-(1,3-benzodioxol-5-yl)-N-methylpropan-2-amine","0,79","2,48","193,25","1,57",True,False,False,False,,,,"0,9927884936332703"
LYSERGIDE,CCN(CC)C(=O)[C@@H]1C=C2c3cccc4[nH]cc(c34)C[C@H]2N(C)C1,ambiguous,addiction,галлюциноген,психозы,"(6aR,9R)-N,N-diethyl-7-methyl-6,6a,8,9-tetrahydro-4H-indolo[4,3-fg]quinoline-9-carboxamide","0,94","3,57","323,44","2,91",True,False,False,False,,,,"0,6146209836006165"
PSILOCYBIN,CN(C)CCc1c[nH]c2cccc(OP(=O)(O)O)c12,ambiguous,addiction,природный галлюциноген,психические эффекты,[3-[2-(dimethylamino)ethyl]-1H-indol-4-yl] dihydrogen phosphate,"0,73","2,64","284,25","1,74",True,True,False,False,phosphor,,,"0,9929724931716919"
HEROIN,CC(=O)Oc1ccc2c3c1O[C@H]1[C@@H](OC(C)=O)C=C[C@H]4[C@@H](C2)N(C)CC[C@@]341,ambiguous,addiction,наркотик,"высокая зависимость, угнетение дыхания","[(4R,4aR,7S,7aR,12bS)-9-acetyloxy-3-methyl-2,4,4a,7,7a,13-hexahydro-1H-4,12-methanobenzofuro[3,2-e]isoquinolin-7-yl] acetate","0,45","5,27","369,42","1,99",True,True,False,False,"isolated_alkene, phenol_ester",,,"0,004599870182573795"
AMITRIPTYLINE,CN(C)CCC=C1c2ccccc2CCc2ccccc21,ambiguous,side effects,трициклический антидепрессант,кардиотоксичность при передозировке,"N,N-dimethyl-3-(2-tricyclo[9.4.0.03,8]pentadeca-1(15),3,5,7,11,13-hexaenylidene)propan-1-amine","0,81","2,17","277,41","4,17",True,False,True,False,,styrene_A(13),,"0,9602792859077454"
IMIPRAMINE,CN(C)CCCN1c2ccccc2CCc2ccccc21,ambiguous,side effects,трициклический антидепрессант,"кардиотоксичность, ЦНС эффекты","3-(5,6-dihydrobenzo[b][1]benzazepin-11-yl)-N,N-dimethylpropan-1-amine","0,84","1,93","280,42","3,88",True,False,False,False,,,,"0,9882882237434387"
NORTRIPTYLINE,CNCCC=C1c2ccccc2CCc2ccccc21,ambiguous,side effects,трициклический антидепрессант,кардиотоксичность при передозировке,"N-methyl-3-(2-tricyclo[9.4.0.03,8]pentadeca-1(15),3,5,7,11,13-hexaenylidene)propan-1-amine","0,83","2,23","263,38","3,83",True,True,True,False,Aliphatic_long_chain,styrene_A(13),,"0,9485077261924744"
CARBAMAZEPINE,NC(=O)N1c2ccccc2C=Cc2ccccc21,ambiguous,side effects,противосудорожое,"агранулоцитоз, кожные реакции",benzo[b][1]benzazepine-11-carboxamide,"0,75","2,26","236,27","3,39",True,True,False,False,stilbene,,,"0,9678386449813843"
PHENYTOIN,O=C1NC(=O)N(C1=O)c1ccccc1,ambiguous,side effects,противосудорожное,"узкое терапевтическое окно, гиперплазия дёсен","1-phenylimidazolidine-2,4,5-trione","0,51","1,86","190,16","0,27",True,True,False,False,"diketo_group, hydantoin",,,"0,9555137157440186"
VALPROIC ACID,CCC(C)C(=O)O,ambiguous,side effects,противосудорожное,"гепатотоксичность, тератогенность",2-methylbutanoic acid,"0,57","2,51","102,13","1,12",True,False,False,False,,,,"0,9883884787559509"
LAMOTRIGINE,Nc1nnc(-c2cccc(Cl)c2Cl)c(N)n1,ambiguous,side effects,противосудорожное,синдром Стивенса–Джонсона,"6-(2,3-dichlorophenyl)-1,2,4-triazine-3,5-diamine","0,81","2,42","256,1","2,01",True,False,False,False,,,,"0,9790889620780945"
TOPIRAMATE,CC1(C)O[C@@H]2[C@@H](CO[C@@]3(COS(N)(=O)=O)OC(C)(C)O[C@@H]23)O1,ambiguous,side effects,противосудорожное,"тератогенность, когнитивные эффекты","[(1R,2S,6S,9R)-4,4,11,11-tetramethyl-3,5,7,10,12-pentaoxatricyclo[7.3.0.02,6]dodecan-6-yl]methyl sulfamate","0,74","4,49","339,37","-0,4",True,False,False,False,,,,"0,8957273960113525"
GABAPENTIN,NC(C)CC(=O)O,ambiguous,side effects,противосудорожное,седативность,3-aminobutanoic acid,"0,51","2,65","103,12","-0,19",True,False,False,False,,,,"0,9900508522987366"
PREGABALIN,CC(C)CC(N)C(=O)O,ambiguous,addiction,противосудорожное,злоупотребление,2-amino-4-methylpentanoic acid,"0,58","2,4","131,18","0,44",True,False,False,False,,,,"0,9919679760932922"
CHLORPROMAZINE,CN(C)CCCN1c2ccccc2Sc2ccccc21,ambiguous,side effects,антипсихотик,кардиотоксичность,"N,N-dimethyl-3-phenothiazin-10-ylpropan-1-amine","0,83","2,03","284,43","4,24",True,False,True,False,,het_thio_666_A(13),,"0,970822811126709"
THIORIDAZINE,CSc1ccc2c(c1)N(CCC1CCCCN1C)c1ccccc1S2,ambiguous,side effects,антипсихотик,QT-пролонгация,10-[2-(1-methylpiperidin-2-yl)ethyl]-2-methylsulfanylphenothiazine,"0,62","2,94","370,59","5,89",True,False,False,False,,,,"0,8871052861213684"
ZIPRASIDONE,O=C1Cc2cc(CCN3CCN(c4nsc5ccccc45)CC3)c(Cl)cc2N1,ambiguous,side effects,антипсихотик,QT-пролонгация,"5-[2-[4-(1,2-benzothiazol-3-yl)piperazin-1-yl]ethyl]-6-chloro-1,3-dihydroindol-2-one","0,71","2,61","412,95","3,81",True,False,False,False,,,,"0,9601736664772034"
LURASIDONE,O=C1[C@@H]2[C@H]3CC[C@H](C3)[C@@H]2C(=O)N1C[C@@H]1CCCC[C@H]1CN1CCN(c2nsc3ccccc23)CC1,ambiguous,addiction,антипсихотик,"седативность, потенциал злоупотребления","(1R,2S,6R,7S)-4-[[(1R,2R)-2-[[4-(1,2-benzothiazol-3-yl)piperazin-1-yl]methyl]cyclohexyl]methyl]-4-azatricyclo[5.2.1.02,6]decane-3,5-dione","0,58","4,8","492,69","4,26",True,True,False,True,phthalimide,,O=C1NCC2CCCCC21,"0,456229567527771"
KETAMINE,CNC1(CCCCC1=O)c1ccccc1,ambiguous,addiction,анестетик,"психоактивность, зависимость",2-(methylamino)-2-phenylcyclohexan-1-one,"0,8","2,94","203,29","2,24",True,False,False,False,,,,"0,8379018306732178"
PHENCYCLIDINE,C1CCC(CC1)(c1ccccc1)N1CCCCC1,ambiguous,addiction,наркотик,нейротоксичность,1-(1-phenylcyclohexyl)piperidine,"0,75","2,13","243,39","4,33",True,False,False,False,,,,"0,9832894802093506"
DEXTROMETHORPHAN,COc1ccc2c(c1)[C@]13CCCC[C@@H]1[C@H](C2)N(C)CC3,ambiguous,addiction,анальгетик/противокашлевое,злоупотребление,"(1S,9S,10S)-4-methoxy-17-methyl-17-azatetracyclo[7.5.3.01,10.02,7]heptadeca-2(7),3,5-triene","0,78","3,99","271,4","3,38",True,False,False,False,,,,"0,011805124580860138"
CODEINE,COc1ccc2c3c1O[C@H]1[C@@H](O)C=C[C@H]4[C@@H](C2)N(C)CC[C@@]341,ambiguous,addiction,опиоид,зависимость,"(4R,4aR,7S,7aR,12bS)-9-methoxy-3-methyl-2,4,4a,7,7a,13-hexahydro-1H-4,12-methanobenzofuro[3,2-e]isoquinolin-7-ol","0,8","5,16","299,37","1,5",True,True,False,False,isolated_alkene,,,"0,001636433182284236"
HYDROCODONE,COc1ccc2c3c1O[C@H]1C(=O)CC[C@H]4[C@@H](C2)N(C)CC[C@]314,ambiguous,addiction,полусинтетический опиоид,"седативность, зависимость","(4R,4aR,7aR,12bS)-9-methoxy-3-methyl-1,2,4,4a,5,6,7a,13-octahydro-4,12-methanobenzofuro[3,2-e]isoquinolin-7-one","0,79","4,89","299,37","1,93",True,False,False,False,,,,"0,0033064251765608788"
HYDROMORPHONE,CN1CC[C@]23c4c5ccc(O)c4O[C@H]2C(=O)CC[C@H]3[C@H]1C5,ambiguous,addiction,опиоид,"угнетение дыхания, зависимость","(4R,4aR,7aR,12bS)-9-hydroxy-3-methyl-1,2,4,4a,5,6,7a,13-octahydro-4,12-methanobenzofuro[3,2-e]isoquinolin-7-one","0,79","4,99","285,34","1,63",True,False,False,False,,,,"0,0017414684407413006"
AMPHETAMINE,CC(N)Cc1ccccc1,ambiguous,addiction,стимулятор,зависимость,1-phenylpropan-2-amine,"0,65","1,84","135,21","1,58",True,False,False,False,,,,"0,9918860197067261"
METHAMPHETAMINE,CNC(C)Cc1ccccc1,ambiguous,addiction,стимулятор,"нейротоксичность, зависимость",N-methyl-1-phenylpropan-2-amine,"0,69","1,99","149,24","1,84",True,False,False,False,,,,"0,9941419959068298"
METHYLPHENIDATE,COC(=O)C(Cc1ccccc1)N1CCCC1,ambiguous,addiction,стимулятор,злоупотребление,methyl 3-phenyl-2-pyrrolidin-1-ylpropanoate,"0,74","2,27","233,31","1,87",True,False,False,False,,,,"0,99615877866745"
ISOTRETINOIN,CC(C)=CCC/C(C)=C/C=C/C(C)=C/C(=O)O,ambiguous,side effects,ретиноид,тератогенность,"(2E,4E,6E)-3,7,11-trimethyldodeca-2,4,6,10-tetraenoic acid","0,42","2,92","234,34","4,27",True,True,False,False,"isolated_alkene, Michael_acceptor_1, polyene",,,"0,46361228823661804"
ACITRETIN,CC(C)=CCC/C(C)=C/C=C/C(C)=C/C(=O)O,ambiguous,side effects,ретиноид,тератогенность,"(2E,4E,6E)-3,7,11-trimethyldodeca-2,4,6,10-tetraenoic acid","0,42","2,92","234,34","4,27",True,True,False,False,"isolated_alkene, Michael_acceptor_1, polyene",,,"0,46361228823661804"
FINASTERIDE,CC(C)(C)NC(=O)[C@H]1CC[C@H]2[C@@H]3CC[C@H]4NC(=O)C=C[C@]4(C)[C@H]3CC[C@]12C,ambiguous,side effects,противоопухолевое средство,гормональные эффекты,"(1S,3aS,3bS,5aR,9aR,9bS,11aS)-N-tert-butyl-9a,11a-dimethyl-7-oxo-1,2,3,3a,3b,4,5,5a,6,9b,10,11-dodecahydroindeno[5,4-f]quinoline-1-carboxamide","0,74","4,37","372,55","3,81",True,False,False,False,,,,"0,01361455861479044"
AMIODARONE,CCCCc1oc2ccccc2c1C(=O)c1cc(I)c(OCCN(CC)CC)c(I)c1,ambiguous,side effects,антиаритмик,"токсичность лёгких, щитовидки","(2-butyl-1-benzofuran-3-yl)-[4-[2-(diethylamino)ethoxy]-3,5-diiodophenyl]methanone","0,17","2,73","645,32","6,94",False,True,False,False,iodine,,,"0,972935140132904"
CAFFEINE,Cn1cnc2c1c(=O)n(C)c(=O)n2C,ambiguous,side effects,стимулятор	,"тахикардия, тревожность (в высоких дозах)","1,3,7-trimethylpurine-2,6-dione","0,54","2,3","194,19","-1,03",True,False,False,False,,,,"0,9699326753616333"
DIPHENHYDRAMINE,CN(C)CCOC(c1ccccc1)c1ccccc1,ambiguous,side effects,антигистаминное,антихолинергические эффекты,"2-benzhydryloxy-N,N-dimethylethanamine","0,78","1,82","255,36","3,35",True,False,False,False,,,,"0,9831869602203369"
PROMETHAZINE,CC(CN1c2ccccc2Sc2ccccc21)N(C)C,ambiguous,side effects,антигистаминное,антихолинергические эффекты,"N,N-dimethyl-1-phenothiazin-10-ylpropan-2-amine","0,83","2,65","284,43","4,24",True,False,True,False,,het_thio_666_A(13),,"0,9432067275047302"
METOCLOPRAMIDE,CN(CCCN1c2ccccc2C=Cc2ccccc21)C,ambiguous,side effects,противорвотное средство,экстрапирамидные побочки,"3-benzo[b][1]benzazepin-11-yl-N,N-dimethylpropan-1-amine","0,82","2,19","278,4","4,26",True,True,False,False,stilbene,,,"0,9791876077651978"
DOMPERIDONE,C1CCC(CC1)N1CCN(CC1)C(=O)c1ccc(Cl)cc1,ambiguous,side effects,противорвотное средство,кардиотоксичность,(4-chlorophenyl)-(4-cyclohexylpiperazin-1-yl)methanone,"0,84","1,78","306,84","3,43",True,False,False,False,,,,"0,9981786012649536"
KETOCONAZOLE,CC(=O)N1CCN(c2ccc(OCC3COC(Cn4ccnc4)(c4ccc(Cl)cc4Cl)O3)cc2)CC1,ambiguous,side effects,противогрибковое лекарственное средство,гепатотоксичность,"1-[4-[4-[[2-(2,4-dichlorophenyl)-2-(imidazol-1-ylmethyl)-1,3-dioxolan-4-yl]methoxy]phenyl]piperazin-1-yl]ethanone","0,46","3,44","531,44","4,21",True,False,True,False,,anil_di_alk_C(246),,"0,9951541423797607"
ITRACONAZOLE,CCC(C)n1ncn(-c2ccc(N3CCN(c4ccc(OCC5COC(Cn6cncn6)(c6ccc(Cl)cc6Cl)O5)cc4)CC3)cc2)c1=O,ambiguous,side effects,синтетическое противогрибковое средство,гепатотоксичность,"2-butan-2-yl-4-[4-[4-[4-[[2-(2,4-dichlorophenyl)-2-(1,2,4-triazol-1-ylmethyl)-1,3-dioxolan-4-yl]methoxy]phenyl]piperazin-1-yl]phenyl]-1,2,4-triazol-3-one","0,17","4,12","705,65","5,58",False,False,True,False,,"anil_di_alk_A(478), anil_di_alk_C(246)",,"0,8821269869804382"
COLISTIN,CC(C)CC(N)C(=O)NCC(=O)NCC(=O)NCC(=O)O,ambiguous,side effects,антибиотик,нефротоксичность,2-[[2-[[2-[(2-amino-4-methylpentanoyl)amino]acetyl]amino]acetyl]amino]acetic acid,"0,33","2,57","302,33","-2,21",True,False,False,False,,,,"0,9524707198143005"
GENTAMICIN,CC(C)C1OC(CO)C(O)C(O)C1N,ambiguous,side effects,антибиотик,ототоксичность,"5-amino-2-(hydroxymethyl)-6-propan-2-yloxane-3,4-diol","0,44","3,99","205,25","-1,55",True,False,False,False,,,,"0,8235755562782288"
AZATHIOPRINE,Cn1cnc([N+](=O)[O-])c1Sc1ncnc2[nH]cnc12,ambiguous,side effects,иммунодепрессивный препарат,"иммуносупрессия, токсичность",6-(3-methyl-5-nitroimidazol-4-yl)sulfanyl-7H-purine,"0,43","3,28","277,27","1,15",True,True,False,False,"nitro_group, Oxygen-nitrogen_single_bond",,,"0,9799699187278748"
L-DOPA (Levodopa),N[C@@H](Cc1ccc(O)c(O)c1)C(=O)O,ambiguous,side effects,Препарат при болезни Паркинсона,"нейротоксичен (окисляется до дофамина, генерирует свободные радикалы)","(2S)-2-amino-3-(3,4-dihydroxyphenyl)propanoic acid","0,51","2,43","197,19","0,05",True,True,True,False,catechol,catechol_A(92),,"0,9843377470970154"
DISULFIRAM,CCN(CC)C(=S)SSC(=S)N(CC)CC,ambiguous,side effects,Лечит алкоголизм (антабус),гепатотоксичен и нейротоксичен при передозировке,"diethylcarbamothioylsulfanyl N,N-diethylcarbamodithioate","0,57","3,12","296,55","3,62",True,True,False,True,"disulphide, Thiocarbonyl_group",,SS,"0,9520799517631531"
DIMERCAPROL,OCC(S)CS,ambiguous,side effects,Антидот при отравлении мышьяком/ртутью ,"токсичен (гипертензия, нефротоксичность)","2,3-bis(sulfanyl)propan-1-ol","0,45","4,39","124,23","0,21",True,True,False,True,thiol_2,,[SH],"0,9868583679199219"
DEFEROXAMINE,CC(=O)N(O)CCCCCNC(=O)CCC(=O)N(O)CCCCCNC(=O)CCC(=O)N(O)CCCCCN,ambiguous,side effects,Хелатор железа — спасает при гемохроматозе,вызывает анафилаксию и ототоксичность,N-[5-[[4-[5-[acetyl(hydroxy)amino]pentylamino]-4-oxobutanoyl]-hydroxyamino]pentyl]-N'-(5-aminopentyl)-N'-hydroxybutanediamide,"0,06","3,05","560,69","0,92",False,True,False,False,"Aliphatic_long_chain, hydroxamic_acid, Oxygen-nitrogen_single_bond",,,"0,6792601346969604"
MINOXIDIL,Nc1cc(N2CCCCC2)nc(N)[n+]1[O-],ambiguous,side effects,Лечит облысение и гипертензию ,"вызывает тахикардию, задержку жидкости, гипертрихоз",3-hydroxy-2-imino-6-piperidin-1-ylpyrimidin-4-amine,"0,5","3,04","209,25","-0,13",True,True,False,False,"N_oxide, quaternary_nitrogen_1",,,"0,984442412853241"
PROPOFOL,CC(C)c1cccc(C(C)C)c1O,ambiguous,side effects,Анестетик,"метаболический ацидоз, рабдомиолиз, сердечная недостаточность","2,6-di(propan-2-yl)phenol","0,73","1,98","178,27","3,64",True,False,False,False,,,,"0,9856659770011902"
METFORMIN,CN(C)C(=N)NC(=N)N,ambiguous,side effects,антидиабетическое,лактатацидоз (редко),"3-(diaminomethylidene)-1,1-dimethylguanidine","0,25","3,67","129,17","-1,03",True,True,False,False,"imine_1, imine_2",,,"0,8962405323982239"
TETRACYCLINE,CN(C)[C@@H]1C(O)=C(C(N)=O)C(=O)[C@@]2(O)C(O)=C3C(=O)c4c(O)cccc4[C@@](C)(O)[C@H]3C[C@@H]12,ambiguous,side effects,антибиотик,"тератогенность, фототоксичность","(4S,4aS,5aS,6S,12aR)-4-(dimethylamino)-1,6,10,11,12a-pentahydroxy-6-methyl-3,12-dioxo-4,4a,5,5a-tetrahydrotetracene-2-carboxamide","0,34","4,47","444,44","-0,21",True,True,False,False,Michael_acceptor_4,,,"0,004002389498054981"
CHLORAMPHENICOL,O=C(N[C@H](CO)[C@H](O)c1ccc([N+](=O)[O-])cc1)C(Cl)Cl,ambiguous,side effects,антибиотик,апластическая анемия,"2,2-dichloro-N-[(1R,2R)-1,3-dihydroxy-1-(4-nitrophenyl)propan-2-yl]acetamide","0,41","3,13","323,13","0,91",True,True,False,True,"alkyl_halide, nitro_group, Oxygen-nitrogen_single_bond",,"[Br,Cl,I][CX4;CH,CH2]","0,9870572686195374"
